PLC_NM,CTPR_NM,CARD_USE_AMT,CARD_UTILIIZA_CAS_CO,BASE_QUARTER
센텀시티,경남,30733192264.0,155598,2021년 1분기
서면,경남,21897464762.0,285711,2021년 1분기
센텀시티,울산,10632083997.0,52094,2021년 1분기
센텀시티,서울,6001750832.0,66009,2021년 1분기
센텀시티,대구,5282961213.0,23570,2021년 1분기
센텀시티,경북,4758488931.0,26112,2021년 1분기
센텀시티,경기,4003317766.0,45746,2021년 1분기
서면,울산,3300508496.0,51593,2021년 1분기
서면,서울,3046097880.0,89837,2021년 1분기
센텀시티,광주,2987653023.0,6999,2021년 1분기
센텀시티,전남,2943212447.0,9586,2021년 1분기
서면,경기,2521739794.0,68444,2021년 1분기
서면,경북,2484579886.0,38804,2021년 1분기
부평깡통시장,경남,1540672375.0,31835,2021년 1분기
해운대해수욕장,서울,1424433289.0,31018,2021년 1분기
해운대해수욕장,경기,1132937881.0,26871,2021년 1분기
서면,대구,968467598.0,22855,2021년 1분기
센텀시티,전북,949167439.0,3242,2021년 1분기
부평깡통시장,경기,922264647.0,28176,2021년 1분기
부평깡통시장,서울,865786374.0,26204,2021년 1분기
서면,전남,764460260.0,12103,2021년 1분기
센텀시티,제주,710865869.0,3657,2021년 1분기
해운대해수욕장,경남,695680914.0,12689,2021년 1분기
해운대해수욕장,대구,674039640.0,7268,2021년 1분기
센텀시티,인천,651774279.0,7633,2021년 1분기
센텀시티,대전,630025161.0,5010,2021년 1분기
전포카페거리,경남,587650087.0,22842,2021년 1분기
서면,인천,555685911.0,15880,2021년 1분기
센텀시티,충북,504943286.0,4069,2021년 1분기
누리마루APEC하우스,서울,438192385.0,7004,2021년 1분기
센텀시티,충남,397853568.0,4525,2021년 1분기
서면,충남,397814965.0,9154,2021년 1분기
서면,대전,389756807.0,7809,2021년 1분기
부평깡통시장,울산,387806262.0,8700,2021년 1분기
서면,충북,381338006.0,8725,2021년 1분기
누리마루APEC하우스,경기,348882508.0,5448,2021년 1분기
서면,광주,333972673.0,5927,2021년 1분기
서면,강원,323617652.0,6552,2021년 1분기
센텀시티,강원,315833810.0,3834,2021년 1분기
서면,제주,309829464.0,8354,2021년 1분기
해운대해수욕장,울산,290881374.0,5688,2021년 1분기
송도해수욕장,경기,285908873.0,12174,2021년 1분기
마린시티 카페거리,서울,283450011.0,7290,2021년 1분기
부평깡통시장,경북,276689721.0,6900,2021년 1분기
송도해수욕장,서울,253670391.0,10805,2021년 1분기
보수동책방골목,경남,244582882.0,10501,2021년 1분기
전포카페거리,서울,222490866.0,11147,2021년 1분기
해운대해수욕장,경북,207887719.0,4076,2021년 1분기
이기대 몽돌해변,경남,202394207.0,4206,2021년 1분기
마린시티 카페거리,경기,201525316.0,5131,2021년 1분기
부평깡통시장,대구,199966383.0,5735,2021년 1분기
부평깡통시장,인천,196934122.0,6181,2021년 1분기
센텀시티,세종,193931332.0,1535,2021년 1분기
해운대해수욕장,인천,181283278.0,4949,2021년 1분기
서면,전북,173534671.0,4982,2021년 1분기
전포카페거리,울산,166351827.0,6451,2021년 1분기
전포카페거리,경기,156503086.0,7232,2021년 1분기
송도해수욕장,경남,153137672.0,7819,2021년 1분기
보수동책방골목,서울,141766991.0,8784,2021년 1분기
누리마루APEC하우스,경남,138382318.0,2045,2021년 1분기
부평깡통시장,충남,137109291.0,2896,2021년 1분기
서면,세종,134909659.0,1510,2021년 1분기
보수동책방골목,경기,133599479.0,7891,2021년 1분기
부평깡통시장,충북,125195155.0,3447,2021년 1분기
해운대해수욕장,광주,120781843.0,2646,2021년 1분기
다대포해수욕장,경남,120409722.0,7377,2021년 1분기
해운대해수욕장,대전,117617932.0,2360,2021년 1분기
부평깡통시장,전남,111524364.0,2365,2021년 1분기
마린시티 카페거리,경남,101412202.0,2896,2021년 1분기
부평깡통시장,대전,97669977.0,2676,2021년 1분기
해운대해수욕장,충북,96607824.0,2471,2021년 1분기
해운대해수욕장,충남,96566321.0,2136,2021년 1분기
해운대해수욕장,전남,87666914.0,1440,2021년 1분기
송도해수욕장,대구,81997650.0,3485,2021년 1분기
부평깡통시장,제주,81138838.0,1330,2021년 1분기
전포카페거리,경북,79853252.0,4816,2021년 1분기
이기대 몽돌해변,서울,78129917.0,1475,2021년 1분기
누리마루APEC하우스,대구,77313116.0,1220,2021년 1분기
해운대해수욕장,전북,72239492.0,1540,2021년 1분기
부평깡통시장,강원,69191001.0,1885,2021년 1분기
부평깡통시장,전북,67975690.0,1860,2021년 1분기
누리마루APEC하우스,대전,65406705.0,505,2021년 1분기
전포카페거리,전남,64922665.0,1651,2021년 1분기
송정해수욕장,경남,63851712.0,6173,2021년 1분기
송도해수욕장,인천,63504954.0,3614,2021년 1분기
부평깡통시장,광주,60794180.0,1606,2021년 1분기
전포카페거리,대구,60511324.0,3117,2021년 1분기
보수동책방골목,울산,58687574.0,2901,2021년 1분기
송도해수욕장,울산,56190497.0,2751,2021년 1분기
송도해수욕장,경북,55629391.0,2457,2021년 1분기
누리마루APEC하우스,울산,51983108.0,1021,2021년 1분기
마린시티 카페거리,대구,48239279.0,1295,2021년 1분기
해운대해수욕장,강원,48191037.0,1170,2021년 1분기
다대포해수욕장,서울,47767375.0,3017,2021년 1분기
송정해수욕장,경기,46478334.0,3256,2021년 1분기
해운대해수욕장,세종,43606155.0,845,2021년 1분기
송정해수욕장,서울,42446837.0,3240,2021년 1분기
다대포해수욕장,경기,39831925.0,2545,2021년 1분기
일광해수욕장,경남,38987712.0,1741,2021년 1분기
보수동책방골목,경북,38901963.0,1990,2021년 1분기
흰여울문화마을,서울,38789461.0,3271,2021년 1분기
감천문화마을,서울,38137445.0,2880,2021년 1분기
누리마루APEC하우스,인천,37853967.0,780,2021년 1분기
마린시티 카페거리,경북,37454801.0,915,2021년 1분기
마린시티 카페거리,울산,36634887.0,1090,2021년 1분기
해운대해수욕장,제주,35808935.0,730,2021년 1분기
흰여울문화마을,경기,34597926.0,2821,2021년 1분기
이기대 몽돌해변,경기,34240713.0,1163,2021년 1분기
태종대,경남,33051255.0,1217,2021년 1분기
보수동책방골목,인천,31963039.0,1995,2021년 1분기
태종대,경기,31775679.0,1945,2021년 1분기
보수동책방골목,대구,31694447.0,1830,2021년 1분기
송정해수욕장,울산,28468089.0,2287,2021년 1분기
송도해수욕장,충남,27704739.0,1225,2021년 1분기
누리마루APEC하우스,광주,27294490.0,465,2021년 1분기
태종대,서울,27282365.0,1682,2021년 1분기
전포카페거리,충남,26884072.0,755,2021년 1분기
마린시티 카페거리,인천,26737090.0,665,2021년 1분기
누리마루APEC하우스,충남,26623454.0,425,2021년 1분기
감천문화마을,경기,26621881.0,2728,2021년 1분기
누리마루APEC하우스,경북,26560928.0,640,2021년 1분기
이기대 몽돌해변,울산,26269703.0,840,2021년 1분기
전포카페거리,인천,25871839.0,1476,2021년 1분기
누리마루APEC하우스,충북,25862306.0,430,2021년 1분기
송도해수욕장,대전,25635098.0,1055,2021년 1분기
송도해수욕장,충북,25207977.0,1100,2021년 1분기
부평깡통시장,세종,23745255.0,690,2021년 1분기
송정해수욕장,대구,23465016.0,1635,2021년 1분기
마린시티 카페거리,대전,21856944.0,535,2021년 1분기
전포카페거리,대전,21331851.0,1125,2021년 1분기
송도해수욕장,강원,20753090.0,855,2021년 1분기
다대포해수욕장,대구,19847392.0,920,2021년 1분기
다대포해수욕장,경북,19158705.0,995,2021년 1분기
이기대 몽돌해변,경북,19013957.0,465,2021년 1분기
마린시티 카페거리,전남,18692722.0,420,2021년 1분기
보수동책방골목,충북,18180216.0,855,2021년 1분기
전포카페거리,광주,17903319.0,635,2021년 1분기
송도해수욕장,광주,17878666.0,710,2021년 1분기
마린시티 카페거리,충북,17798908.0,345,2021년 1분기
보수동책방골목,강원,16990195.0,820,2021년 1분기
전포카페거리,충북,16599075.0,1321,2021년 1분기
송도해수욕장,전남,16549172.0,660,2021년 1분기
송정해수욕장,경북,16318753.0,1155,2021년 1분기
일광해수욕장,울산,16316311.0,710,2021년 1분기
보수동책방골목,전남,14791783.0,570,2021년 1분기
보수동책방골목,충남,14451745.0,840,2021년 1분기
마린시티 카페거리,충남,14427414.0,420,2021년 1분기
태종대,대구,14407002.0,475,2021년 1분기
다대포해수욕장,울산,13782294.0,855,2021년 1분기
일광해수욕장,서울,13667213.0,685,2021년 1분기
마린시티 카페거리,전북,13308917.0,265,2021년 1분기
흰여울문화마을,경남,13291530.0,1035,2021년 1분기
누리마루APEC하우스,세종,13191935.0,215,2021년 1분기
태종대,울산,13062639.0,362,2021년 1분기
마린시티 카페거리,광주,12774081.0,285,2021년 1분기
누리마루APEC하우스,전북,12683789.0,260,2021년 1분기
일광해수욕장,경기,12429664.0,595,2021년 1분기
송도해수욕장,전북,12049898.0,530,2021년 1분기
전포카페거리,제주,12042713.0,740,2021년 1분기
보수동책방골목,광주,11304405.0,500,2021년 1분기
흰여울문화마을,인천,11104800.0,870,2021년 1분기
보수동책방골목,대전,10879319.0,695,2021년 1분기
전포카페거리,강원,10780744.0,630,2021년 1분기
보수동책방골목,전북,10650547.0,545,2021년 1분기
전포카페거리,전북,10356835.0,540,2021년 1분기
누리마루APEC하우스,전남,9887170.0,230,2021년 1분기
태종대,경북,9708531.0,390,2021년 1분기
누리마루APEC하우스,강원,9505659.0,270,2021년 1분기
송정해수욕장,인천,9302914.0,705,2021년 1분기
흰여울문화마을,대구,9191013.0,740,2021년 1분기
보수동책방골목,제주,8926009.0,430,2021년 1분기
마린시티 카페거리,강원,8496142.0,265,2021년 1분기
일광해수욕장,대구,8209025.0,350,2021년 1분기
이기대 몽돌해변,광주,8067527.0,120,2021년 1분기
이기대 몽돌해변,제주,8028429.0,190,2021년 1분기
감천문화마을,경남,8016731.0,775,2021년 1분기
일광해수욕장,경북,7799846.0,330,2021년 1분기
이기대 몽돌해변,대구,7752422.0,375,2021년 1분기
이기대 몽돌해변,충남,6984061.0,155,2021년 1분기
송도해수욕장,제주,6948279.0,350,2021년 1분기
송정해수욕장,전북,6626523.0,440,2021년 1분기
다대포해수욕장,인천,6591939.0,360,2021년 1분기
송도해수욕장,세종,5947941.0,175,2021년 1분기
감천문화마을,인천,5903358.0,686,2021년 1분기
이기대 몽돌해변,전남,5801915.0,185,2021년 1분기
태종대,인천,5757691.0,325,2021년 1분기
송정해수욕장,충남,5755969.0,330,2021년 1분기
감천문화마을,울산,5744824.0,225,2021년 1분기
흰여울문화마을,울산,5527333.0,480,2021년 1분기
흰여울문화마을,경북,5364168.0,415,2021년 1분기
송정해수욕장,전남,5216681.0,340,2021년 1분기
태종대,광주,4910583.0,250,2021년 1분기
송정해수욕장,대전,4892291.0,455,2021년 1분기
마린시티 카페거리,제주,4607132.0,90,2021년 1분기
흰여울문화마을,대전,4288525.0,320,2021년 1분기
감천문화마을,경북,4134575.0,330,2021년 1분기
누리마루APEC하우스,제주,4024493.0,80,2021년 1분기
감천문화마을,대전,3961334.0,295,2021년 1분기
태종대,강원,3859125.0,175,2021년 1분기
다대포해수욕장,전북,3745827.0,185,2021년 1분기
이기대 몽돌해변,대전,3732648.0,135,2021년 1분기
송정해수욕장,충북,3694712.0,345,2021년 1분기
다대포해수욕장,전남,3681805.0,235,2021년 1분기
감천문화마을,강원,3675005.0,190,2021년 1분기
송정해수욕장,광주,3653071.0,295,2021년 1분기
다대포해수욕장,충북,3564448.0,330,2021년 1분기
태종대,충북,3492129.0,255,2021년 1분기
마린시티 카페거리,세종,3492124.0,135,2021년 1분기
다대포해수욕장,강원,3461399.0,155,2021년 1분기
태종대,대전,3454857.0,210,2021년 1분기
이기대 몽돌해변,충북,3418218.0,150,2021년 1분기
흰여울문화마을,충북,3255249.0,260,2021년 1분기
다대포해수욕장,제주,3235113.0,155,2021년 1분기
태종대,충남,3227755.0,165,2021년 1분기
다대포해수욕장,대전,3113881.0,195,2021년 1분기
흰여울문화마을,충남,3089119.0,195,2021년 1분기
이기대 몽돌해변,인천,3012046.0,160,2021년 1분기
태종대,전남,3004296.0,90,2021년 1분기
감천문화마을,대구,2978512.0,320,2021년 1분기
부산시민공원,경남,2843166.0,330,2021년 1분기
이기대 몽돌해변,강원,2813495.0,130,2021년 1분기
을숙도,경남,2678962.0,985,2021년 1분기
일광해수욕장,대전,2570847.0,95,2021년 1분기
흰여울문화마을,광주,2525941.0,215,2021년 1분기
감천문화마을,전북,2160168.0,140,2021년 1분기
일광해수욕장,전북,2124104.0,55,2021년 1분기
감천문화마을,충남,2120981.0,195,2021년 1분기
감천문화마을,충북,2079081.0,275,2021년 1분기
이기대 몽돌해변,전북,2074135.0,55,2021년 1분기
다대포해수욕장,광주,2073431.0,185,2021년 1분기
송정해수욕장,강원,2020185.0,205,2021년 1분기
보수동책방골목,세종,1964766.0,142,2021년 1분기
흰여울문화마을,전북,1806526.0,135,2021년 1분기
다대포해수욕장,충남,1791673.0,115,2021년 1분기
송정해수욕장,제주,1791526.0,135,2021년 1분기
태종대,전북,1767050.0,115,2021년 1분기
감천문화마을,전남,1737057.0,125,2021년 1분기
일광해수욕장,충북,1673824.0,60,2021년 1분기
흰여울문화마을,강원,1592078.0,110,2021년 1분기
흰여울문화마을,전남,1517942.0,105,2021년 1분기
송정해수욕장,세종,1458768.0,115,2021년 1분기
일광해수욕장,광주,1436570.0,70,2021년 1분기
전포카페거리,세종,1344247.0,90,2021년 1분기
일광해수욕장,전남,1294753.0,75,2021년 1분기
감천문화마을,광주,1258294.0,135,2021년 1분기
태종대,제주,1198564.0,40,2021년 1분기
감천문화마을,제주,1029271.0,85,2021년 1분기
다대포해수욕장,세종,1028526.0,35,2021년 1분기
일광해수욕장,인천,964490.0,50,2021년 1분기
부산시민공원,경기,934190.0,135,2021년 1분기
흰여울문화마을,제주,923012.0,80,2021년 1분기
을숙도,서울,909943.0,195,2021년 1분기
일광해수욕장,충남,886090.0,45,2021년 1분기
부산시민공원,서울,870375.0,90,2021년 1분기
국립해양박물관,경남,821080.0,60,2021년 1분기
태종대,세종,804418.0,40,2021년 1분기
국립해양박물관,서울,758840.0,55,2021년 1분기
감천문화마을,세종,758176.0,75,2021년 1분기
일광해수욕장,강원,756229.0,30,2021년 1분기
흰여울문화마을,세종,723156.0,45,2021년 1분기
국립해양박물관,경기,583010.0,60,2021년 1분기
부산시민공원,충북,538480.0,5,2021년 1분기
부산시민공원,울산,524770.0,75,2021년 1분기
부산시민공원,경북,358665.0,45,2021년 1분기
렛츠런파크 부산경남,경남,353060.0,10,2021년 1분기
국립해양박물관,대구,335280.0,20,2021년 1분기
을숙도,울산,326473.0,130,2021년 1분기
일광해수욕장,제주,247904.0,15,2021년 1분기
을숙도,경기,222083.0,85,2021년 1분기
을숙도,충북,194705.0,35,2021년 1분기
을숙도,전남,184770.0,35,2021년 1분기
일광해수욕장,세종,180340.0,15,2021년 1분기
을숙도,제주,172879.0,40,2021년 1분기
을숙도,대구,135434.0,60,2021년 1분기
국립해양박물관,울산,127750.0,5,2021년 1분기
이기대 몽돌해변,세종,119380.0,15,2021년 1분기
국립해양박물관,경북,112015.0,25,2021년 1분기
부산시민공원,인천,83940.0,20,2021년 1분기
국립해양박물관,충북,81280.0,5,2021년 1분기
부산시민공원,대구,81280.0,15,2021년 1분기
부산시민공원,전북,78740.0,5,2021년 1분기
을숙도,경북,77369.0,45,2021년 1분기
부산시민공원,충남,76200.0,15,2021년 1분기
을숙도,전북,70131.0,30,2021년 1분기
렛츠런파크 부산경남,서울,68985.0,5,2021년 1분기
국립해양박물관,강원,68850.0,20,2021년 1분기
부산시민공원,강원,66040.0,5,2021년 1분기
을숙도,대전,65532.0,15,2021년 1분기
을숙도,인천,52534.0,25,2021년 1분기
부산시민공원,제주,38175.0,10,2021년 1분기
국립해양박물관,인천,33020.0,10,2021년 1분기
국립해양박물관,광주,30480.0,5,2021년 1분기
을숙도,광주,21844.0,15,2021년 1분기
부산시민공원,대전,20440.0,5,2021년 1분기
부산시민공원,전남,17780.0,5,2021년 1분기
을숙도,충남,6622.0,15,2021년 1분기
을숙도,강원,4572.0,10,2021년 1분기
을숙도,세종,1524.0,5,2021년 1분기
센텀시티,부산,198000000000.0,1610517,2021년 2분기
서면,부산,103000000000.0,2297924,2021년 2분기
센텀시티,부산,103000000000.0,813058,2021년 2분기
서면,부산,52906898645.0,1159418,2021년 2분기
센텀시티,경남,34081328929.0,176921,2021년 2분기
서면,경남,20803478091.0,313328,2021년 2분기
센텀시티,경남,18326953184.0,91488,2021년 2분기
부평깡통시장,부산,14434573248.0,355018,2021년 2분기
센텀시티,울산,12306412226.0,61794,2021년 2분기
서면,경남,10663970113.0,161290,2021년 2분기
부평깡통시장,부산,7513614826.0,187760,2021년 2분기
센텀시티,서울,7183438511.0,83108,2021년 2분기
광안리해수욕장,부산,6909883113.0,237918,2021년 2분기
센텀시티,대구,6105416273.0,27588,2021년 2분기
센텀시티,울산,6039386447.0,30870,2021년 2분기
센텀시티,경기,6018347457.0,65187,2021년 2분기
센텀시티,경북,5538569696.0,30504,2021년 2분기
해운대해수욕장,부산,5131056123.0,102817,2021년 2분기
센텀시티,서울,4530629652.0,44702,2021년 2분기
전포카페거리,부산,4154512987.0,173371,2021년 2분기
센텀시티,광주,4051032969.0,8353,2021년 2분기
서면,울산,3643545231.0,60009,2021년 2분기
서면,서울,3518549528.0,109392,2021년 2분기
광안리해수욕장,부산,3461292854.0,123508,2021년 2분기
센텀시티,경기,3281847767.0,35048,2021년 2분기
센텀시티,경북,3280277660.0,15976,2021년 2분기
센텀시티,대구,3203298448.0,15159,2021년 2분기
이기대 몽돌해변,부산,3015103141.0,58690,2021년 2분기
센텀시티,전남,2970969948.0,12098,2021년 2분기
서면,경기,2936387586.0,85043,2021년 2분기
보수동책방골목,부산,2676616927.0,116046,2021년 2분기
해운대해수욕장,부산,2593683472.0,55191,2021년 2분기
해운대해수욕장,서울,2531734438.0,50071,2021년 2분기
서면,경북,2493416293.0,41931,2021년 2분기
센텀시티,광주,2094331477.0,4539,2021년 2분기
전포카페거리,부산,2050431216.0,89053,2021년 2분기
다대포해수욕장,부산,2029248389.0,104111,2021년 2분기
서면,서울,1981568475.0,54603,2021년 2분기
서면,울산,1960563353.0,32224,2021년 2분기
해운대해수욕장,경기,1828346668.0,40031,2021년 2분기
센텀시티,전남,1807506184.0,7284,2021년 2분기
광안리해수욕장,서울,1682773784.0,71136,2021년 2분기
부평깡통시장,경남,1569267364.0,35027,2021년 2분기
센텀시티,전북,1493757381.0,4001,2021년 2분기
광안리해수욕장,경기,1486223119.0,64664,2021년 2분기
보수동책방골목,부산,1467500211.0,63399,2021년 2분기
이기대 몽돌해변,부산,1441371535.0,29120,2021년 2분기
해운대해수욕장,서울,1409569205.0,27896,2021년 2분기
서면,경기,1385080742.0,41001,2021년 2분기
마린시티 카페거리,부산,1374727931.0,53679,2021년 2분기
서면,경북,1357943588.0,22356,2021년 2분기
센텀시티,전북,1227275793.0,2437,2021년 2분기
서면,대구,1204213489.0,27895,2021년 2분기
송도해수욕장,부산,1134972634.0,65643,2021년 2분기
부평깡통시장,경기,1092947982.0,34271,2021년 2분기
센텀시티,제주,1074366622.0,5080,2021년 2분기
다대포해수욕장,부산,1053581944.0,57715,2021년 2분기
부평깡통시장,서울,1013298401.0,31963,2021년 2분기
해운대해수욕장,경기,978354388.0,22084,2021년 2분기
부평깡통시장,경남,958650096.0,19319,2021년 2분기
센텀시티,인천,947017991.0,13014,2021년 2분기
누리마루APEC하우스,부산,924643261.0,17753,2021년 2분기
서면,전남,913358623.0,13946,2021년 2분기
광안리해수욕장,서울,892445862.0,37362,2021년 2분기
광안리해수욕장,경남,842951379.0,31140,2021년 2분기
센텀시티,대전,820281060.0,7387,2021년 2분기
센텀시티,충북,805184594.0,6108,2021년 2분기
광안리해수욕장,경기,775341829.0,33967,2021년 2분기
누리마루APEC하우스,서울,767427677.0,11876,2021년 2분기
해운대해수욕장,경남,731826324.0,15349,2021년 2분기
센텀시티,충남,720170164.0,6367,2021년 2분기
마린시티 카페거리,부산,678518312.0,26167,2021년 2분기
전포카페거리,경남,659683202.0,25671,2021년 2분기
부평깡통시장,경기,656798936.0,20240,2021년 2분기
센텀시티,대전,632181997.0,3937,2021년 2분기
누리마루APEC하우스,경기,629942388.0,9553,2021년 2분기
송도해수욕장,부산,620392891.0,36467,2021년 2분기
서면,전남,612456589.0,7356,2021년 2분기
센텀시티,충북,602274385.0,3580,2021년 2분기
부평깡통시장,서울,586888992.0,18297,2021년 2분기
서면,대구,577101971.0,14740,2021년 2분기
서면,인천,566793498.0,18961,2021년 2분기
누리마루APEC하우스,부산,497022639.0,9934,2021년 2분기
해운대해수욕장,대구,488749216.0,8923,2021년 2분기
센텀시티,인천,467800912.0,6555,2021년 2분기
광안리해수욕장,경남,465996716.0,16964,2021년 2분기
센텀시티,충남,457244818.0,3033,2021년 2분기
마린시티 카페거리,서울,449381677.0,11370,2021년 2분기
서면,제주,449113266.0,7967,2021년 2분기
센텀시티,강원,448857954.0,5351,2021년 2분기
송정해수욕장,부산,416693121.0,35987,2021년 2분기
누리마루APEC하우스,서울,410372627.0,6498,2021년 2분기
송도해수욕장,경기,408226809.0,15872,2021년 2분기
마린시티 카페거리,경기,375504159.0,9052,2021년 2분기
서면,강원,367767747.0,10313,2021년 2분기
서면,충북,365000703.0,9849,2021년 2분기
부평깡통시장,울산,362534213.0,8713,2021년 2분기
해운대해수욕장,경남,361751013.0,8827,2021년 2분기
전포카페거리,경남,348391123.0,14502,2021년 2분기
누리마루APEC하우스,경기,334975074.0,4946,2021년 2분기
서면,충남,330497200.0,10897,2021년 2분기
감천문화마을,부산,329977486.0,19373,2021년 2분기
광안리해수욕장,인천,325075008.0,14769,2021년 2분기
해운대해수욕장,인천,321685339.0,7947,2021년 2분기
해운대해수욕장,울산,321349124.0,6513,2021년 2분기
송도해수욕장,서울,321264092.0,13765,2021년 2분기
서면,제주,320452020.0,4566,2021년 2분기
부평깡통시장,대구,313878906.0,6179,2021년 2분기
서면,광주,312551195.0,5878,2021년 2분기
부평깡통시장,경북,311835792.0,7544,2021년 2분기
전포카페거리,서울,297121745.0,13508,2021년 2분기
센텀시티,강원,296909593.0,2824,2021년 2분기
광안리해수욕장,대구,294067735.0,11192,2021년 2분기
센텀시티,제주,290685760.0,2284,2021년 2분기
서면,전북,288799501.0,5839,2021년 2분기
이기대 몽돌해변,경남,278679612.0,5301,2021년 2분기
해운대해수욕장,경북,278234670.0,5990,2021년 2분기
서면,대전,277612016.0,8953,2021년 2분기
서면,인천,276085120.0,8559,2021년 2분기
부평깡통시장,인천,268677760.0,8571,2021년 2분기
보수동책방골목,경남,262579572.0,10923,2021년 2분기
광안리해수욕장,경북,254018071.0,9746,2021년 2분기
마린시티 카페거리,서울,253007941.0,6371,2021년 2분기
일광해수욕장,부산,247464850.0,11355,2021년 2분기
서면,강원,246948309.0,5230,2021년 2분기
광안리해수욕장,울산,246673763.0,8854,2021년 2분기
송도해수욕장,경기,241043119.0,9789,2021년 2분기
태종대,부산,228818463.0,11884,2021년 2분기
전포카페거리,경기,221293756.0,11336,2021년 2분기
서면,충남,219761152.0,5625,2021년 2분기
해운대해수욕장,대구,216896439.0,4761,2021년 2분기
송정해수욕장,부산,214888990.0,19090,2021년 2분기
해운대해수욕장,대전,212942949.0,3976,2021년 2분기
부평깡통시장,울산,212805009.0,5156,2021년 2분기
송도해수욕장,서울,208808331.0,8473,2021년 2분기
마린시티 카페거리,경기,195574984.0,4898,2021년 2분기
송도해수욕장,경남,189865233.0,9310,2021년 2분기
다대포해수욕장,경남,181817053.0,9764,2021년 2분기
광안리해수욕장,충북,174805454.0,6606,2021년 2분기
전포카페거리,서울,172861860.0,7393,2021년 2분기
서면,충북,172494832.0,5478,2021년 2분기
감천문화마을,부산,172167956.0,10034,2021년 2분기
해운대해수욕장,인천,162565876.0,3975,2021년 2분기
보수동책방골목,경기,159390630.0,10040,2021년 2분기
보수동책방골목,서울,157412219.0,9357,2021년 2분기
광안리해수욕장,인천,156247656.0,7451,2021년 2분기
전포카페거리,경북,155972555.0,4672,2021년 2분기
광안리해수욕장,대구,154920851.0,6414,2021년 2분기
센텀시티,세종,154083478.0,1708,2021년 2분기
부평깡통시장,경북,153581481.0,3723,2021년 2분기
일광해수욕장,부산,151263937.0,6981,2021년 2분기
부평깡통시장,충북,147774964.0,4260,2021년 2분기
해운대해수욕장,경북,146672125.0,3053,2021년 2분기
부평깡통시장,인천,144450920.0,4729,2021년 2분기
해운대해수욕장,울산,142600124.0,3577,2021년 2분기
해운대해수욕장,광주,142032968.0,3055,2021년 2분기
해운대해수욕장,충북,140803024.0,3441,2021년 2분기
광안리해수욕장,대전,140712624.0,5546,2021년 2분기
서면,대전,139435463.0,4332,2021년 2분기
서면,광주,132868382.0,2750,2021년 2분기
전포카페거리,울산,131869708.0,7068,2021년 2분기
부평깡통시장,대구,131417164.0,3423,2021년 2분기
센텀시티,세종,131033393.0,1098,2021년 2분기
누리마루APEC하우스,경남,130902520.0,2605,2021년 2분기
마린시티 카페거리,경남,126938933.0,3135,2021년 2분기
보수동책방골목,경남,126674286.0,6272,2021년 2분기
부평깡통시장,충남,125583065.0,3342,2021년 2분기
광안리해수욕장,광주,124489558.0,4398,2021년 2분기
태종대,부산,124242374.0,5584,2021년 2분기
광안리해수욕장,울산,122608760.0,5075,2021년 2분기
광안리해수욕장,충남,120495265.0,4908,2021년 2분기
광안리해수욕장,경북,118859417.0,4815,2021년 2분기
이기대 몽돌해변,경남,117727732.0,2769,2021년 2분기
해운대해수욕장,충남,117425245.0,3131,2021년 2분기
부평깡통시장,대전,116443495.0,3131,2021년 2분기
서면,전북,115946551.0,3212,2021년 2분기
누리마루APEC하우스,대구,115022448.0,1835,2021년 2분기
송도해수욕장,경남,113548639.0,5122,2021년 2분기
누리마루APEC하우스,경남,113143814.0,1657,2021년 2분기
해운대해수욕장,전북,111863060.0,2260,2021년 2분기
전포카페거리,경기,108502838.0,6145,2021년 2분기
해운대해수욕장,대전,107045535.0,2155,2021년 2분기
전포카페거리,대구,106937099.0,1876,2021년 2분기
누리마루APEC하우스,인천,103735186.0,1660,2021년 2분기
부평깡통시장,전남,102657032.0,2660,2021년 2분기
해운대해수욕장,전남,102576805.0,2060,2021년 2분기
해운대해수욕장,강원,101954368.0,2406,2021년 2분기
광안리해수욕장,전남,98208145.0,3441,2021년 2분기
송도해수욕장,인천,96786591.0,3920,2021년 2분기
서면,세종,96649235.0,1536,2021년 2분기
다대포해수욕장,경남,96337278.0,5767,2021년 2분기
흰여울문화마을,부산,95113793.0,7960,2021년 2분기
해운대해수욕장,충북,93662775.0,2125,2021년 2분기
흰여울문화마을,서울,93426410.0,7754,2021년 2분기
광안리해수욕장,강원,92163374.0,3711,2021년 2분기
보수동책방골목,서울,91775414.0,5667,2021년 2분기
보수동책방골목,경기,90611817.0,5721,2021년 2분기
부평깡통시장,강원,86643937.0,2345,2021년 2분기
송정해수욕장,경남,85235803.0,5881,2021년 2분기
광안리해수욕장,대전,84492294.0,3258,2021년 2분기
송도해수욕장,대구,83871870.0,3516,2021년 2분기
전포카페거리,울산,82370980.0,4309,2021년 2분기
누리마루APEC하우스,경북,82158935.0,1195,2021년 2분기
송정해수욕장,서울,81346739.0,4922,2021년 2분기
부평깡통시장,충남,81055718.0,1975,2021년 2분기
송도해수욕장,경북,80607841.0,3136,2021년 2분기
광안리해수욕장,충북,78326439.0,3583,2021년 2분기
흰여울문화마을,경기,77416063.0,6461,2021년 2분기
부평깡통시장,전북,77317159.0,1855,2021년 2분기
부평깡통시장,충북,75143045.0,2121,2021년 2분기
송정해수욕장,경기,74939643.0,4366,2021년 2분기
부평깡통시장,제주,74542346.0,1740,2021년 2분기
부평깡통시장,광주,73776049.0,1755,2021년 2분기
광안리해수욕장,충남,73204833.0,2640,2021년 2분기
광안리해수욕장,전북,73037004.0,3086,2021년 2분기
이기대 몽돌해변,서울,72768308.0,1700,2021년 2분기
마린시티 카페거리,경북,72061292.0,1465,2021년 2분기
전포카페거리,대구,71680827.0,3789,2021년 2분기
태종대,경기,69741081.0,4746,2021년 2분기
부평깡통시장,전남,69702170.0,1565,2021년 2분기
해운대해수욕장,광주,68835195.0,1535,2021년 2분기
부산시민공원,부산,67244454.0,8346,2021년 2분기
마린시티 카페거리,인천,66341255.0,1430,2021년 2분기
다대포해수욕장,서울,65928572.0,3835,2021년 2분기
다대포해수욕장,경기,65052410.0,3707,2021년 2분기
마린시티 카페거리,경남,63432599.0,2010,2021년 2분기
흰여울문화마을,부산,62118141.0,4859,2021년 2분기
마린시티 카페거리,대구,61627514.0,1630,2021년 2분기
마린시티 카페거리,경북,60177125.0,840,2021년 2분기
마린시티 카페거리,울산,59563273.0,1500,2021년 2분기
해운대해수욕장,전북,58899733.0,1225,2021년 2분기
해운대해수욕장,세종,58546375.0,1330,2021년 2분기
일광해수욕장,경남,57155208.0,2551,2021년 2분기
부평깡통시장,대전,55018840.0,1840,2021년 2분기
보수동책방골목,경북,54942685.0,2265,2021년 2분기
해운대해수욕장,충남,54710393.0,1400,2021년 2분기
해운대해수욕장,강원,54691376.0,1290,2021년 2분기
누리마루APEC하우스,대구,54094934.0,1025,2021년 2분기
누리마루APEC하우스,인천,53985632.0,960,2021년 2분기
이기대 몽돌해변,서울,53820170.0,2995,2021년 2분기
누리마루APEC하우스,충남,53756504.0,725,2021년 2분기
태종대,서울,53670440.0,4055,2021년 2분기
누리마루APEC하우스,울산,53369804.0,1150,2021년 2분기
해운대해수욕장,전남,52767614.0,1290,2021년 2분기
송도해수욕장,울산,52681538.0,2595,2021년 2분기
송도해수욕장,인천,51927763.0,2120,2021년 2분기
감천문화마을,서울,51063718.0,4428,2021년 2분기
태종대,경남,50782788.0,2871,2021년 2분기
누리마루APEC하우스,광주,50163168.0,670,2021년 2분기
누리마루APEC하우스,대전,49843196.0,945,2021년 2분기
보수동책방골목,울산,49566246.0,2800,2021년 2분기
흰여울문화마을,서울,48137572.0,3914,2021년 2분기
송정해수욕장,경남,46885051.0,3345,2021년 2분기
광안리해수욕장,강원,46559779.0,1836,2021년 2분기
광안리해수욕장,전남,45953468.0,1785,2021년 2분기
송도해수욕장,대구,45829680.0,2006,2021년 2분기
광안리해수욕장,광주,45251168.0,2086,2021년 2분기
전포카페거리,인천,45218556.0,2298,2021년 2분기
전포카페거리,경북,45053051.0,2688,2021년 2분기
마린시티 카페거리,강원,45015251.0,600,2021년 2분기
흰여울문화마을,경기,44999402.0,3793,2021년 2분기
해운대해수욕장,제주,44720375.0,1045,2021년 2분기
마린시티 카페거리,대전,44330205.0,945,2021년 2분기
부평깡통시장,강원,44320969.0,1290,2021년 2분기
부평깡통시장,전북,43719393.0,1015,2021년 2분기
부평깡통시장,제주,43165725.0,855,2021년 2분기
광안리해수욕장,제주,42888928.0,1446,2021년 2분기
마린시티 카페거리,대구,42678610.0,1041,2021년 2분기
부산시민공원,부산,42123614.0,6167,2021년 2분기
일광해수욕장,경남,42111625.0,1601,2021년 2분기
송정해수욕장,서울,40578794.0,2717,2021년 2분기
부평깡통시장,광주,39688110.0,1035,2021년 2분기
광안리해수욕장,전북,39487246.0,1626,2021년 2분기
송도해수욕장,경북,39269164.0,1525,2021년 2분기
이기대 몽돌해변,경기,38502160.0,2876,2021년 2분기
보수동책방골목,인천,38165261.0,2460,2021년 2분기
누리마루APEC하우스,울산,36968761.0,635,2021년 2분기
감천문화마을,경기,36431029.0,3780,2021년 2분기
송정해수욕장,경기,36361172.0,2351,2021년 2분기
마린시티 카페거리,충북,36144458.0,995,2021년 2분기
마린시티 카페거리,충남,35416040.0,890,2021년 2분기
송도해수욕장,대전,35408898.0,1405,2021년 2분기
누리마루APEC하우스,대전,34821318.0,661,2021년 2분기
누리마루APEC하우스,세종,34579317.0,385,2021년 2분기
누리마루APEC하우스,경북,34437716.0,705,2021년 2분기
송정해수욕장,울산,34411991.0,2265,2021년 2분기
마린시티 카페거리,대전,34400492.0,675,2021년 2분기
다대포해수욕장,서울,34107733.0,1885,2021년 2분기
누리마루APEC하우스,전북,33546747.0,475,2021년 2분기
태종대,서울,33470159.0,2322,2021년 2분기
마린시티 카페거리,인천,33372151.0,795,2021년 2분기
태종대,경기,32811974.0,2170,2021년 2분기
보수동책방골목,강원,32606593.0,900,2021년 2분기
송도해수욕장,충남,32544719.0,1220,2021년 2분기
보수동책방골목,울산,32519732.0,1565,2021년 2분기
이기대 몽돌해변,대전,32495475.0,245,2021년 2분기
송도해수욕장,울산,32404255.0,1395,2021년 2분기
이기대 몽돌해변,울산,32388424.0,1230,2021년 2분기
전포카페거리,전남,32304096.0,1490,2021년 2분기
송정해수욕장,대구,32287986.0,1580,2021년 2분기
마린시티 카페거리,울산,32277610.0,790,2021년 2분기
누리마루APEC하우스,충북,31803336.0,715,2021년 2분기
해운대해수욕장,세종,31737012.0,755,2021년 2분기
송도해수욕장,충북,31664027.0,1410,2021년 2분기
서면,세종,31622391.0,825,2021년 2분기
보수동책방골목,대구,30168479.0,1625,2021년 2분기
부평깡통시장,세종,29318256.0,700,2021년 2분기
다대포해수욕장,경북,29296386.0,1270,2021년 2분기
일광해수욕장,울산,29212814.0,1090,2021년 2분기
누리마루APEC하우스,충남,28971977.0,395,2021년 2분기
다대포해수욕장,경기,28572664.0,1870,2021년 2분기
마린시티 카페거리,충남,28505101.0,495,2021년 2분기
마린시티 카페거리,광주,28309908.0,555,2021년 2분기
전포카페거리,충북,28000634.0,1300,2021년 2분기
을숙도,부산,27513582.0,5872,2021년 2분기
광안리해수욕장,세종,27420570.0,1155,2021년 2분기
이기대 몽돌해변,경기,26980034.0,1535,2021년 2분기
마린시티 카페거리,전남,26206422.0,620,2021년 2분기
감천문화마을,서울,25741732.0,2852,2021년 2분기
마린시티 카페거리,충북,25408440.0,595,2021년 2분기
다대포해수욕장,대구,25265216.0,1315,2021년 2분기
전포카페거리,강원,24693289.0,1145,2021년 2분기
감천문화마을,경기,24610669.0,2571,2021년 2분기
보수동책방골목,경북,24548441.0,1170,2021년 2분기
이기대 몽돌해변,울산,24145749.0,711,2021년 2분기
송도해수욕장,강원,23559918.0,945,2021년 2분기
전포카페거리,인천,22318777.0,1151,2021년 2분기
누리마루APEC하우스,세종,22137080.0,160,2021년 2분기
태종대,대구,22016765.0,1130,2021년 2분기
흰여울문화마을,경남,21949271.0,1660,2021년 2분기
보수동책방골목,인천,21678138.0,1205,2021년 2분기
송도해수욕장,대전,21519795.0,841,2021년 2분기
누리마루APEC하우스,강원,21471101.0,510,2021년 2분기
다대포해수욕장,울산,21339036.0,1195,2021년 2분기
일광해수욕장,경기,20949948.0,830,2021년 2분기
송도해수욕장,충남,20144639.0,815,2021년 2분기
송도해수욕장,전남,20128137.0,815,2021년 2분기
일광해수욕장,서울,19913565.0,925,2021년 2분기
누리마루APEC하우스,광주,19800417.0,430,2021년 2분기
누리마루APEC하우스,전남,19268945.0,360,2021년 2분기
흰여울문화마을,인천,19254417.0,1525,2021년 2분기
이기대 몽돌해변,전남,19205905.0,85,2021년 2분기
이기대 몽돌해변,경북,18997297.0,836,2021년 2분기
누리마루APEC하우스,전남,18823945.0,210,2021년 2분기
전포카페거리,광주,18661204.0,945,2021년 2분기
보수동책방골목,대구,18424251.0,1025,2021년 2분기
송도해수욕장,광주,18354720.0,720,2021년 2분기
보수동책방골목,충북,18345878.0,1075,2021년 2분기
태종대,울산,18279712.0,945,2021년 2분기
송정해수욕장,경북,18181691.0,1210,2021년 2분기
송정해수욕장,대구,18031666.0,885,2021년 2분기
이기대 몽돌해변,전남,17950412.0,330,2021년 2분기
보수동책방골목,충남,17677659.0,885,2021년 2분기
누리마루APEC하우스,충북,17675591.0,340,2021년 2분기
을숙도,부산,17608220.0,3985,2021년 2분기
전포카페거리,대전,17233861.0,1190,2021년 2분기
송도해수욕장,전북,17206092.0,605,2021년 2분기
광안리해수욕장,세종,17071906.0,615,2021년 2분기
송도해수욕장,충북,17061027.0,695,2021년 2분기
일광해수욕장,울산,16996613.0,685,2021년 2분기
보수동책방골목,제주,16776865.0,855,2021년 2분기
마린시티 카페거리,세종,16535625.0,355,2021년 2분기
마린시티 카페거리,전남,16338554.0,435,2021년 2분기
마린시티 카페거리,광주,16235834.0,355,2021년 2분기
태종대,경남,16191230.0,945,2021년 2분기
송정해수욕장,울산,16160244.0,1255,2021년 2분기
광안리해수욕장,제주,16148661.0,675,2021년 2분기
해운대해수욕장,제주,15950369.0,385,2021년 2분기
전포카페거리,전북,15663945.0,745,2021년 2분기
이기대 몽돌해변,경북,15222576.0,425,2021년 2분기
전포카페거리,충남,15200015.0,875,2021년 2분기
태종대,인천,15166415.0,1195,2021년 2분기
전포카페거리,충북,15119554.0,685,2021년 2분기
보수동책방골목,전남,14849548.0,695,2021년 2분기
마린시티 카페거리,전북,14797280.0,300,2021년 2분기
태종대,경북,14450440.0,755,2021년 2분기
송도해수욕장,강원,14400683.0,605,2021년 2분기
마린시티 카페거리,전북,14149007.0,390,2021년 2분기
부평깡통시장,세종,14116812.0,415,2021년 2분기
누리마루APEC하우스,강원,13939647.0,245,2021년 2분기
마린시티 카페거리,강원,13891364.0,345,2021년 2분기
전포카페거리,전남,13572288.0,790,2021년 2분기
흰여울문화마을,경남,13508990.0,1010,2021년 2분기
일광해수욕장,대구,13166770.0,530,2021년 2분기
전포카페거리,제주,13154569.0,970,2021년 2분기
다대포해수욕장,경북,13072465.0,615,2021년 2분기
다대포해수욕장,대구,12826900.0,635,2021년 2분기
다대포해수욕장,인천,12710003.0,680,2021년 2분기
보수동책방골목,대전,12591161.0,725,2021년 2분기
누리마루APEC하우스,전북,12576607.0,190,2021년 2분기
일광해수욕장,서울,12530938.0,570,2021년 2분기
마린시티 카페거리,세종,12470486.0,220,2021년 2분기
전포카페거리,충남,12181129.0,550,2021년 2분기
송정해수욕장,인천,11760302.0,755,2021년 2분기
일광해수욕장,경기,11748973.0,575,2021년 2분기
태종대,대구,11246358.0,601,2021년 2분기
송정해수욕장,경북,11222890.0,520,2021년 2분기
흰여울문화마을,인천,11198352.0,900,2021년 2분기
이기대 몽돌해변,대구,11139751.0,835,2021년 2분기
감천문화마을,경남,11069835.0,1010,2021년 2분기
흰여울문화마을,대구,10968695.0,895,2021년 2분기
송도해수욕장,제주,10243854.0,515,2021년 2분기
전포카페거리,제주,10212528.0,520,2021년 2분기
보수동책방골목,전북,10081101.0,460,2021년 2분기
이기대 몽돌해변,충북,10070796.0,275,2021년 2분기
보수동책방골목,대전,10052508.0,540,2021년 2분기
보수동책방골목,광주,10020283.0,555,2021년 2분기
감천문화마을,인천,9856001.0,990,2021년 2분기
태종대,인천,9552940.0,590,2021년 2분기
다대포해수욕장,울산,9320277.0,580,2021년 2분기
보수동책방골목,강원,9262211.0,500,2021년 2분기
전포카페거리,전북,9231580.0,375,2021년 2분기
전포카페거리,강원,9163202.0,620,2021년 2분기
송도해수욕장,광주,9130082.0,315,2021년 2분기
흰여울문화마을,대구,9108186.0,715,2021년 2분기
송도해수욕장,전북,9108035.0,350,2021년 2분기
전포카페거리,광주,8984488.0,365,2021년 2분기
일광해수욕장,대구,8805875.0,385,2021년 2분기
일광해수욕장,경북,8636484.0,385,2021년 2분기
국립해양박물관,부산,8605250.0,1055,2021년 2분기
태종대,충북,8205646.0,435,2021년 2분기
전포카페거리,대전,8153146.0,540,2021년 2분기
흰여울문화마을,경북,7957131.0,630,2021년 2분기
마린시티 카페거리,제주,7940445.0,255,2021년 2분기
송도해수욕장,세종,7908345.0,305,2021년 2분기
송도해수욕장,전남,7904786.0,360,2021년 2분기
흰여울문화마을,울산,7900609.0,620,2021년 2분기
보수동책방골목,충남,7898892.0,440,2021년 2분기
송정해수욕장,충북,7822274.0,470,2021년 2분기
이기대 몽돌해변,인천,7665851.0,670,2021년 2분기
다대포해수욕장,충북,7662130.0,500,2021년 2분기
송정해수욕장,광주,7010909.0,465,2021년 2분기
태종대,경북,6970268.0,380,2021년 2분기
감천문화마을,경남,6922364.0,550,2021년 2분기
송정해수욕장,강원,6844024.0,370,2021년 2분기
보수동책방골목,제주,6779844.0,345,2021년 2분기
누리마루APEC하우스,제주,6724223.0,125,2021년 2분기
보수동책방골목,충북,6679540.0,395,2021년 2분기
보수동책방골목,전남,6626962.0,355,2021년 2분기
보수동책방골목,전북,6514968.0,225,2021년 2분기
흰여울문화마을,대전,6495338.0,505,2021년 2분기
다대포해수욕장,전남,6488251.0,390,2021년 2분기
보수동책방골목,광주,6463132.0,360,2021년 2분기
누리마루APEC하우스,제주,6436558.0,175,2021년 2분기
다대포해수욕장,전북,6386300.0,235,2021년 2분기
일광해수욕장,경북,6237732.0,225,2021년 2분기
송정해수욕장,대전,6109056.0,305,2021년 2분기
송정해수욕장,인천,6093360.0,460,2021년 2분기
이기대 몽돌해변,대구,6082792.0,380,2021년 2분기
태종대,울산,6038850.0,345,2021년 2분기
송정해수욕장,충남,5979694.0,355,2021년 2분기
흰여울문화마을,충남,5694034.0,425,2021년 2분기
다대포해수욕장,충남,5679787.0,275,2021년 2분기
태종대,대전,5655408.0,445,2021년 2분기
이기대 몽돌해변,세종,5478374.0,75,2021년 2분기
흰여울문화마을,충북,5462647.0,515,2021년 2분기
흰여울문화마을,울산,5455158.0,430,2021년 2분기
송정해수욕장,대전,5327685.0,370,2021년 2분기
송도해수욕장,세종,5253838.0,155,2021년 2분기
감천문화마을,강원,5076601.0,350,2021년 2분기
흰여울문화마을,경북,4923790.0,370,2021년 2분기
송정해수욕장,전남,4917915.0,310,2021년 2분기
다대포해수욕장,전남,4898340.0,265,2021년 2분기
송정해수욕장,충북,4846118.0,215,2021년 2분기
국립해양박물관,부산,4792980.0,475,2021년 2분기
이기대 몽돌해변,광주,4760028.0,195,2021년 2분기
송도해수욕장,제주,4711904.0,175,2021년 2분기
다대포해수욕장,강원,4664599.0,300,2021년 2분기
송정해수욕장,세종,4649772.0,95,2021년 2분기
다대포해수욕장,인천,4639159.0,255,2021년 2분기
부산시민공원,경남,4593844.0,588,2021년 2분기
전포카페거리,세종,4556036.0,175,2021년 2분기
이기대 몽돌해변,인천,4498442.0,370,2021년 2분기
흰여울문화마을,대전,4496816.0,375,2021년 2분기
태종대,충북,4481830.0,230,2021년 2분기
감천문화마을,인천,4435978.0,505,2021년 2분기
을숙도,경남,4361549.0,1127,2021년 2분기
태종대,충남,4203930.0,370,2021년 2분기
일광해수욕장,인천,4190783.0,195,2021년 2분기
태종대,강원,4146790.0,245,2021년 2분기
일광해수욕장,강원,4130749.0,85,2021년 2분기
다대포해수욕장,대전,4106608.0,265,2021년 2분기
흰여울문화마을,강원,4091810.0,320,2021년 2분기
이기대 몽돌해변,강원,4064918.0,375,2021년 2분기
태종대,전남,4051637.0,225,2021년 2분기
이기대 몽돌해변,충남,3989184.0,345,2021년 2분기
감천문화마을,대전,3863574.0,335,2021년 2분기
이기대 몽돌해변,제주,3817627.0,255,2021년 2분기
다대포해수욕장,광주,3692569.0,275,2021년 2분기
흰여울문화마을,충북,3599180.0,265,2021년 2분기
을숙도,경남,3585022.0,847,2021년 2분기
감천문화마을,경북,3551046.0,370,2021년 2분기
감천문화마을,충남,3521875.0,335,2021년 2분기
일광해수욕장,인천,3508883.0,145,2021년 2분기
감천문화마을,대구,3460441.0,390,2021년 2분기
일광해수욕장,전남,3432416.0,225,2021년 2분기
보수동책방골목,세종,3349628.0,130,2021년 2분기
일광해수욕장,대전,3311157.0,110,2021년 2분기
다대포해수욕장,세종,3296174.0,90,2021년 2분기
전포카페거리,세종,3283356.0,115,2021년 2분기
태종대,광주,3276496.0,260,2021년 2분기
흰여울문화마을,충남,3259836.0,285,2021년 2분기
흰여울문화마을,전남,3232369.0,270,2021년 2분기
다대포해수욕장,충북,3206090.0,225,2021년 2분기
렛츠런파크 부산경남,경남,3197887.0,35,2021년 2분기
감천문화마을,울산,3177095.0,315,2021년 2분기
흰여울문화마을,광주,3109976.0,215,2021년 2분기
감천문화마을,대구,3049016.0,345,2021년 2분기
부산시민공원,경남,3045606.0,430,2021년 2분기
태종대,대전,3029204.0,240,2021년 2분기
일광해수욕장,충북,3000333.0,130,2021년 2분기
이기대 몽돌해변,대전,2856738.0,170,2021년 2분기
흰여울문화마을,광주,2765112.0,260,2021년 2분기
송정해수욕장,전북,2750753.0,210,2021년 2분기
흰여울문화마을,전북,2641773.0,210,2021년 2분기
감천문화마을,강원,2603602.0,135,2021년 2분기
감천문화마을,경북,2556256.0,240,2021년 2분기
송정해수욕장,광주,2473401.0,175,2021년 2분기
태종대,충남,2457450.0,200,2021년 2분기
이기대 몽돌해변,충북,2409901.0,250,2021년 2분기
감천문화마을,충북,2360526.0,295,2021년 2분기
다대포해수욕장,전북,2323084.0,115,2021년 2분기
감천문화마을,대전,2305050.0,175,2021년 2분기
태종대,전북,2214100.0,135,2021년 2분기
태종대,전북,2163572.0,100,2021년 2분기
송정해수욕장,전남,2157578.0,210,2021년 2분기
감천문화마을,충남,2131720.0,235,2021년 2분기
이기대 몽돌해변,광주,2112874.0,85,2021년 2분기
송정해수욕장,충남,2098854.0,180,2021년 2분기
다대포해수욕장,제주,2069376.0,125,2021년 2분기
렛츠런파크 부산경남,부산,2058385.0,75,2021년 2분기
이기대 몽돌해변,전북,2016854.0,140,2021년 2분기
흰여울문화마을,강원,1993392.0,170,2021년 2분기
이기대 몽돌해변,충남,1989074.0,180,2021년 2분기
감천문화마을,울산,1965706.0,190,2021년 2분기
이기대 몽돌해변,강원,1954682.0,195,2021년 2분기
태종대,세종,1938860.0,90,2021년 2분기
태종대,제주,1938020.0,80,2021년 2분기
다대포해수욕장,광주,1875536.0,160,2021년 2분기
송정해수욕장,강원,1855470.0,115,2021년 2분기
태종대,강원,1855216.0,125,2021년 2분기
태종대,전남,1790294.0,125,2021년 2분기
감천문화마을,충북,1765706.0,230,2021년 2분기
감천문화마을,전남,1764272.0,165,2021년 2분기
태종대,광주,1736344.0,140,2021년 2분기
일광해수욕장,전남,1723136.0,160,2021년 2분기
마린시티 카페거리,제주,1719174.0,105,2021년 2분기
일광해수욕장,충북,1584452.0,75,2021년 2분기
일광해수욕장,충남,1574800.0,60,2021년 2분기
송정해수욕장,제주,1555586.0,110,2021년 2분기
흰여울문화마을,전북,1522476.0,145,2021년 2분기
감천문화마을,광주,1515872.0,200,2021년 2분기
보수동책방골목,세종,1514856.0,90,2021년 2분기
다대포해수욕장,대전,1465072.0,125,2021년 2분기
일광해수욕장,대전,1461008.0,100,2021년 2분기
일광해수욕장,광주,1455615.0,55,2021년 2분기
일광해수욕장,충남,1396010.0,60,2021년 2분기
감천문화마을,전북,1326595.0,155,2021년 2분기
감천문화마을,전북,1323848.0,70,2021년 2분기
흰여울문화마을,전남,1286764.0,140,2021년 2분기
다대포해수욕장,충남,1285748.0,140,2021년 2분기
감천문화마을,광주,1259866.0,120,2021년 2분기
흰여울문화마을,세종,1246255.0,105,2021년 2분기
일광해수욕장,세종,1241955.0,55,2021년 2분기
태종대,제주,1194113.0,90,2021년 2분기
다대포해수욕장,강원,1193750.0,120,2021년 2분기
국립해양박물관,경남,1120555.0,105,2021년 2분기
일광해수욕장,광주,1118108.0,75,2021년 2분기
을숙도,서울,1113028.0,140,2021년 2분기
부산시민공원,서울,1110488.0,155,2021년 2분기
다대포해수욕장,세종,982472.0,65,2021년 2분기
다대포해수욕장,제주,947623.0,60,2021년 2분기
흰여울문화마을,제주,929564.0,90,2021년 2분기
태종대,세종,927862.0,70,2021년 2분기
감천문화마을,제주,921106.0,75,2021년 2분기
송정해수욕장,전북,896112.0,100,2021년 2분기
부산시민공원,경기,881800.0,120,2021년 2분기
부산시민공원,경기,847090.0,125,2021년 2분기
흰여울문화마을,세종,843280.0,70,2021년 2분기
감천문화마을,제주,816372.0,55,2021년 2분기
을숙도,경기,814988.0,180,2021년 2분기
흰여울문화마을,제주,805180.0,75,2021년 2분기
국립해양박물관,경기,802785.0,75,2021년 2분기
부산시민공원,울산,798770.0,90,2021년 2분기
감천문화마을,전남,762508.0,90,2021년 2분기
일광해수욕장,전북,744110.0,35,2021년 2분기
을숙도,경기,721360.0,125,2021년 2분기
감천문화마을,세종,720852.0,60,2021년 2분기
일광해수욕장,강원,706120.0,20,2021년 2분기
국립해양박물관,서울,642620.0,40,2021년 2분기
부산시민공원,서울,633790.0,100,2021년 2분기
국립해양박물관,경남,617220.0,55,2021년 2분기
송정해수욕장,세종,574040.0,25,2021년 2분기
을숙도,서울,565998.0,200,2021년 2분기
이기대 몽돌해변,세종,564785.0,45,2021년 2분기
송정해수욕장,제주,560070.0,70,2021년 2분기
국립해양박물관,서울,557180.0,90,2021년 2분기
일광해수욕장,전북,553212.0,25,2021년 2분기
부산시민공원,울산,551180.0,80,2021년 2분기
부산시민공원,경북,516440.0,60,2021년 2분기
부산시민공원,경북,469900.0,55,2021년 2분기
감천문화마을,세종,438450.0,60,2021년 2분기
렛츠런파크 부산경남,경남,436880.0,45,2021년 2분기
국립해양박물관,경기,416560.0,30,2021년 2분기
일광해수욕장,세종,398272.0,25,2021년 2분기
일광해수욕장,제주,396748.0,35,2021년 2분기
을숙도,울산,390117.0,165,2021년 2분기
이기대 몽돌해변,제주,342392.0,15,2021년 2분기
을숙도,대구,341884.0,75,2021년 2분기
부산시민공원,대구,319275.0,40,2021년 2분기
국립해양박물관,경북,309530.0,20,2021년 2분기
국립해양박물관,울산,303320.0,20,2021년 2분기
을숙도,인천,285418.0,45,2021년 2분기
국립해양박물관,경북,279400.0,10,2021년 2분기
을숙도,대전,277368.0,35,2021년 2분기
이기대 몽돌해변,전북,259588.0,100,2021년 2분기
을숙도,대구,238108.0,80,2021년 2분기
일광해수욕장,제주,229211.0,25,2021년 2분기
렛츠런파크 부산경남,울산,216325.0,35,2021년 2분기
부산시민공원,전남,212640.0,35,2021년 2분기
부산시민공원,인천,197710.0,30,2021년 2분기
을숙도,경북,197310.0,80,2021년 2분기
을숙도,경북,177800.0,55,2021년 2분기
부산시민공원,대구,175260.0,30,2021년 2분기
부산시민공원,충북,169495.0,20,2021년 2분기
국립해양박물관,충남,152140.0,10,2021년 2분기
부산시민공원,세종,144780.0,20,2021년 2분기
부산시민공원,전북,126770.0,20,2021년 2분기
부산시민공원,충북,124460.0,20,2021년 2분기
국립해양박물관,전남,122160.0,10,2021년 2분기
국립해양박물관,전북,116150.0,5,2021년 2분기
을숙도,인천,113284.0,20,2021년 2분기
국립해양박물관,인천,106690.0,10,2021년 2분기
렛츠런파크 부산경남,부산,101600.0,10,2021년 2분기
부산시민공원,대전,98735.0,30,2021년 2분기
부산시민공원,대전,96520.0,15,2021년 2분기
국립해양박물관,제주,94165.0,5,2021년 2분기
부산시민공원,광주,94165.0,10,2021년 2분기
국립해양박물관,강원,91440.0,5,2021년 2분기
부산시민공원,제주,91440.0,15,2021년 2분기
을숙도,충남,89376.0,20,2021년 2분기
국립해양박물관,대구,86530.0,10,2021년 2분기
부산시민공원,전남,83820.0,15,2021년 2분기
을숙도,충남,82296.0,25,2021년 2분기
부산시민공원,인천,81280.0,15,2021년 2분기
을숙도,울산,79756.0,40,2021년 2분기
렛츠런파크 부산경남,대구,66040.0,5,2021년 2분기
렛츠런파크 부산경남,대구,61080.0,5,2021년 2분기
부산시민공원,강원,60960.0,5,2021년 2분기
부산시민공원,광주,53340.0,10,2021년 2분기
렛츠런파크 부산경남,제주,50800.0,5,2021년 2분기
국립해양박물관,세종,48355.0,5,2021년 2분기
을숙도,대전,47037.0,20,2021년 2분기
국립해양박물관,대구,45720.0,5,2021년 2분기
부산시민공원,충남,45610.0,10,2021년 2분기
국립해양박물관,광주,40640.0,5,2021년 2분기
국립해양박물관,전남,40640.0,5,2021년 2분기
을숙도,세종,38175.0,5,2021년 2분기
을숙도,광주,36576.0,20,2021년 2분기
부산시민공원,전북,35560.0,20,2021년 2분기
을숙도,강원,33085.0,10,2021년 2분기
을숙도,제주,26924.0,5,2021년 2분기
렛츠런파크 부산경남,인천,25450.0,5,2021년 2분기
을숙도,전남,22905.0,20,2021년 2분기
을숙도,강원,20320.0,5,2021년 2분기
국립해양박물관,충남,15240.0,5,2021년 2분기
부산시민공원,충남,15240.0,5,2021년 2분기
을숙도,세종,15240.0,5,2021년 2분기
국립해양박물관,강원,15150.0,5,2021년 2분기
을숙도,제주,15150.0,5,2021년 2분기
을숙도,충북,6108.0,10,2021년 2분기
을숙도,광주,2545.0,5,2021년 2분기
을숙도,충북,2540.0,5,2021년 2분기
센텀시티,부산,268000000000.0,2221014,2021년 3분기
서면,부산,140000000000.0,2997615,2021년 3분기
센텀시티,경남,43218741216.0,214293,2021년 3분기
서면,경남,30091724567.0,405822,2021년 3분기
부평깡통시장,부산,21277855630.0,533844,2021년 3분기
센텀시티,울산,16167140660.0,77597,2021년 3분기
센텀시티,서울,12220740902.0,131077,2021년 3분기
센텀시티,경기,9459205013.0,96271,2021년 3분기
광안리해수욕장,부산,9171600726.0,344036,2021년 3분기
센텀시티,경북,7868180959.0,37666,2021년 3분기
센텀시티,대구,7508351233.0,33817,2021년 3분기
해운대해수욕장,부산,7159333484.0,148019,2021년 3분기
서면,서울,5878111824.0,165882,2021년 3분기
전포카페거리,부산,5483873054.0,228851,2021년 3분기
센텀시티,광주,5101052877.0,11819,2021년 3분기
서면,경기,4880414957.0,138359,2021년 3분기
서면,울산,4829455880.0,79516,2021년 3분기
이기대 몽돌해변,부산,4377916648.0,85368,2021년 3분기
보수동책방골목,부산,4062289637.0,165391,2021년 3분기
해운대해수욕장,서울,4056193843.0,84955,2021년 3분기
서면,경북,3481002931.0,54720,2021년 3분기
센텀시티,전남,3205778254.0,12883,2021년 3분기
해운대해수욕장,경기,2995823021.0,67424,2021년 3분기
다대포해수욕장,부산,2954981175.0,164368,2021년 3분기
광안리해수욕장,서울,2694511763.0,114518,2021년 3분기
광안리해수욕장,경기,2343756963.0,100566,2021년 3분기
부평깡통시장,경남,2062703141.0,46422,2021년 3분기
마린시티 카페거리,부산,1960102858.0,80752,2021년 3분기
센텀시티,전북,1779053232.0,5910,2021년 3분기
누리마루APEC하우스,서울,1708183527.0,21259,2021년 3분기
송도해수욕장,부산,1665732761.0,97975,2021년 3분기
서면,대구,1651099519.0,36935,2021년 3분기
센텀시티,제주,1635597757.0,6570,2021년 3분기
부평깡통시장,경기,1591034919.0,51340,2021년 3분기
부평깡통시장,서울,1566325866.0,49351,2021년 3분기
센텀시티,대전,1545462045.0,10058,2021년 3분기
센텀시티,인천,1333365195.0,18478,2021년 3분기
센텀시티,충남,1327628524.0,8142,2021년 3분기
누리마루APEC하우스,부산,1270392330.0,25654,2021년 3분기
광안리해수욕장,경남,1256261972.0,44074,2021년 3분기
누리마루APEC하우스,경기,1236815894.0,16483,2021년 3분기
해운대해수욕장,경남,1166740372.0,23409,2021년 3분기
서면,전남,1129625730.0,17769,2021년 3분기
센텀시티,충북,1071660590.0,9663,2021년 3분기
서면,인천,1059446377.0,28925,2021년 3분기
센텀시티,강원,858535187.0,7539,2021년 3분기
마린시티 카페거리,서울,782776078.0,19342,2021년 3분기
서면,충남,781121558.0,15712,2021년 3분기
전포카페거리,경남,758290038.0,32530,2021년 3분기
해운대해수욕장,대구,754432011.0,14420,2021년 3분기
송정해수욕장,부산,662987422.0,58716,2021년 3분기
마린시티 카페거리,경기,652665542.0,15151,2021년 3분기
서면,제주,640674878.0,10843,2021년 3분기
서면,충북,637575306.0,15159,2021년 3분기
송도해수욕장,경기,588665490.0,25549,2021년 3분기
송도해수욕장,서울,561532450.0,23755,2021년 3분기
부평깡통시장,울산,532538454.0,11985,2021년 3분기
광안리해수욕장,인천,488961569.0,22028,2021년 3분기
해운대해수욕장,울산,484499043.0,10150,2021년 3분기
광안리해수욕장,대구,476852725.0,18610,2021년 3분기
서면,강원,473796830.0,14772,2021년 3분기
서면,광주,468639284.0,9807,2021년 3분기
전포카페거리,서울,449937718.0,20785,2021년 3분기
감천문화마을,부산,448790527.0,28124,2021년 3분기
서면,대전,438556022.0,12066,2021년 3분기
해운대해수욕장,인천,438048483.0,11035,2021년 3분기
해운대해수욕장,경북,413641156.0,8280,2021년 3분기
부평깡통시장,경북,406848812.0,9775,2021년 3분기
전포카페거리,경기,401260982.0,17653,2021년 3분기
서면,전북,398084939.0,8385,2021년 3분기
센텀시티,세종,388647836.0,2875,2021년 3분기
보수동책방골목,경남,379842612.0,15308,2021년 3분기
광안리해수욕장,울산,379365752.0,13722,2021년 3분기
이기대 몽돌해변,경남,374042400.0,6557,2021년 3분기
광안리해수욕장,경북,373886183.0,13112,2021년 3분기
부평깡통시장,인천,338565196.0,11395,2021년 3분기
누리마루APEC하우스,경남,335938055.0,4120,2021년 3분기
해운대해수욕장,대전,330984396.0,6800,2021년 3분기
일광해수욕장,부산,326941030.0,16026,2021년 3분기
송도해수욕장,경남,318494265.0,14864,2021년 3분기
부평깡통시장,대구,309548300.0,7720,2021년 3분기
해운대해수욕장,충북,285004597.0,6845,2021년 3분기
다대포해수욕장,경남,271199003.0,16260,2021년 3분기
보수동책방골목,경기,258162278.0,15041,2021년 3분기
보수동책방골목,서울,255412960.0,15414,2021년 3분기
광안리해수욕장,충북,254458892.0,10511,2021년 3분기
태종대,부산,243398096.0,13166,2021년 3분기
해운대해수욕장,광주,241806824.0,5210,2021년 3분기
누리마루APEC하우스,대구,241469623.0,3170,2021년 3분기
해운대해수욕장,충남,213530809.0,5550,2021년 3분기
부평깡통시장,충북,207404953.0,5885,2021년 3분기
해운대해수욕장,전남,202704340.0,2835,2021년 3분기
광안리해수욕장,대전,199371028.0,8595,2021년 3분기
마린시티 카페거리,경남,198517891.0,6265,2021년 3분기
광안리해수욕장,충남,184286103.0,7445,2021년 3분기
누리마루APEC하우스,인천,172658226.0,2725,2021년 3분기
송정해수욕장,서울,170583553.0,10448,2021년 3분기
부평깡통시장,충남,159794271.0,4630,2021년 3분기
광안리해수욕장,광주,158228960.0,6555,2021년 3분기
전포카페거리,울산,155187892.0,8491,2021년 3분기
송정해수욕장,경남,154305359.0,10536,2021년 3분기
해운대해수욕장,강원,153385328.0,3375,2021년 3분기
송정해수욕장,경기,152567517.0,8656,2021년 3분기
다대포해수욕장,서울,149751232.0,9516,2021년 3분기
광안리해수욕장,전남,146503215.0,5341,2021년 3분기
광안리해수욕장,강원,145890475.0,5510,2021년 3분기
마린시티 카페거리,대구,142891753.0,3230,2021년 3분기
해운대해수욕장,전북,142018834.0,3190,2021년 3분기
부평깡통시장,전남,141945305.0,3500,2021년 3분기
부평깡통시장,대전,141442223.0,4215,2021년 3분기
누리마루APEC하우스,광주,137283074.0,1370,2021년 3분기
흰여울문화마을,서울,132508243.0,10971,2021년 3분기
다대포해수욕장,경기,131953974.0,8430,2021년 3분기
흰여울문화마을,부산,131015981.0,11211,2021년 3분기
부평깡통시장,강원,130681566.0,3495,2021년 3분기
누리마루APEC하우스,대전,130395821.0,1645,2021년 3분기
송도해수욕장,인천,128577395.0,5580,2021년 3분기
서면,세종,127316872.0,2755,2021년 3분기
누리마루APEC하우스,경북,125251784.0,1625,2021년 3분기
흰여울문화마을,경기,121322327.0,10176,2021년 3분기
부평깡통시장,제주,118932083.0,2185,2021년 3분기
송도해수욕장,대구,116239557.0,4725,2021년 3분기
광안리해수욕장,전북,115945653.0,4710,2021년 3분기
부평깡통시장,광주,107400077.0,2645,2021년 3분기
송도해수욕장,경북,106023873.0,4090,2021년 3분기
전포카페거리,경북,105717295.0,5850,2021년 3분기
부평깡통시장,전북,105038273.0,2390,2021년 3분기
해운대해수욕장,세종,102969203.0,2135,2021년 3분기
전포카페거리,대구,102944992.0,5090,2021년 3분기
이기대 몽돌해변,서울,99070872.0,3910,2021년 3분기
마린시티 카페거리,대전,98516225.0,2140,2021년 3분기
마린시티 카페거리,인천,95244463.0,2015,2021년 3분기
감천문화마을,서울,93849029.0,6160,2021년 3분기
마린시티 카페거리,울산,87798969.0,2495,2021년 3분기
송도해수욕장,울산,86631783.0,3780,2021년 3분기
해운대해수욕장,제주,84030719.0,1695,2021년 3분기
태종대,경기,83324467.0,5561,2021년 3분기
누리마루APEC하우스,울산,83119470.0,1725,2021년 3분기
일광해수욕장,경남,82843544.0,3910,2021년 3분기
보수동책방골목,울산,80029039.0,4535,2021년 3분기
태종대,서울,77934928.0,5298,2021년 3분기
이기대 몽돌해변,경기,77828192.0,4380,2021년 3분기
마린시티 카페거리,충북,76792847.0,1620,2021년 3분기
누리마루APEC하우스,충북,75394221.0,1170,2021년 3분기
마린시티 카페거리,경북,74969893.0,1890,2021년 3분기
송도해수욕장,충북,72323354.0,2925,2021년 3분기
광안리해수욕장,제주,62180866.0,2196,2021년 3분기
보수동책방골목,경북,61125811.0,2885,2021년 3분기
부산시민공원,부산,61064263.0,8882,2021년 3분기
마린시티 카페거리,충남,60240207.0,1305,2021년 3분기
송정해수욕장,울산,58303987.0,3755,2021년 3분기
전포카페거리,인천,58234915.0,3065,2021년 3분기
보수동책방골목,인천,57772186.0,3630,2021년 3분기
누리마루APEC하우스,세종,57206981.0,555,2021년 3분기
감천문화마을,경기,57127815.0,5785,2021년 3분기
광안리해수욕장,세종,56325768.0,1730,2021년 3분기
누리마루APEC하우스,충남,54699649.0,1130,2021년 3분기
송도해수욕장,대전,54543755.0,2235,2021년 3분기
이기대 몽돌해변,울산,54497217.0,1730,2021년 3분기
송도해수욕장,충남,53496702.0,2310,2021년 3분기
누리마루APEC하우스,전남,51222951.0,745,2021년 3분기
보수동책방골목,전남,49286318.0,975,2021년 3분기
태종대,경남,47848555.0,2545,2021년 3분기
송정해수욕장,대구,46298798.0,2400,2021년 3분기
이기대 몽돌해변,경북,44819443.0,1030,2021년 3분기
다대포해수욕장,대구,43957858.0,2770,2021년 3분기
마린시티 카페거리,광주,43265892.0,930,2021년 3분기
일광해수욕장,서울,41758545.0,1835,2021년 3분기
전포카페거리,전남,41684972.0,1695,2021년 3분기
일광해수욕장,울산,41275226.0,1590,2021년 3분기
누리마루APEC하우스,전북,41083902.0,700,2021년 3분기
보수동책방골목,대구,40962968.0,2635,2021년 3분기
일광해수욕장,경기,39311161.0,1880,2021년 3분기
마린시티 카페거리,전남,39303221.0,760,2021년 3분기
전포카페거리,충북,39295470.0,1765,2021년 3분기
전포카페거리,강원,38947876.0,1190,2021년 3분기
부평깡통시장,세종,38688502.0,1106,2021년 3분기
송도해수욕장,강원,37197860.0,1420,2021년 3분기
다대포해수욕장,경북,36484068.0,2310,2021년 3분기
누리마루APEC하우스,강원,35826593.0,755,2021년 3분기
다대포해수욕장,울산,35722466.0,2270,2021년 3분기
마린시티 카페거리,강원,35544619.0,955,2021년 3분기
송정해수욕장,경북,33376127.0,2020,2021년 3분기
전포카페거리,제주,31880929.0,1685,2021년 3분기
전포카페거리,충남,31704894.0,1460,2021년 3분기
이기대 몽돌해변,전남,30848883.0,265,2021년 3분기
송도해수욕장,전남,29813818.0,1320,2021년 3분기
송정해수욕장,인천,29273649.0,1515,2021년 3분기
보수동책방골목,충북,29207603.0,1345,2021년 3분기
흰여울문화마을,인천,28723240.0,2255,2021년 3분기
보수동책방골목,충남,28642913.0,1460,2021년 3분기
송도해수욕장,전북,28205185.0,925,2021년 3분기
송도해수욕장,광주,27802117.0,1135,2021년 3분기
마린시티 카페거리,세종,27687967.0,585,2021년 3분기
마린시티 카페거리,전북,27064165.0,620,2021년 3분기
흰여울문화마을,경남,27043612.0,2160,2021년 3분기
을숙도,부산,26507371.0,8591,2021년 3분기
보수동책방골목,대전,26415946.0,1275,2021년 3분기
다대포해수욕장,인천,24912705.0,1300,2021년 3분기
전포카페거리,광주,24537811.0,1650,2021년 3분기
전포카페거리,대전,24026939.0,1380,2021년 3분기
보수동책방골목,강원,23660714.0,1140,2021년 3분기
전포카페거리,전북,22496836.0,975,2021년 3분기
보수동책방골목,제주,21573439.0,825,2021년 3분기
일광해수욕장,대구,20721508.0,800,2021년 3분기
이기대 몽돌해변,인천,20052505.0,830,2021년 3분기
송정해수욕장,대전,19822174.0,805,2021년 3분기
태종대,대구,19443894.0,950,2021년 3분기
일광해수욕장,경북,18770486.0,690,2021년 3분기
송정해수욕장,충북,17859997.0,1005,2021년 3분기
누리마루APEC하우스,제주,17133698.0,295,2021년 3분기
감천문화마을,경남,16886892.0,1395,2021년 3분기
보수동책방골목,광주,16282701.0,895,2021년 3분기
태종대,인천,16069551.0,1305,2021년 3분기
태종대,경북,15181609.0,660,2021년 3분기
흰여울문화마을,대구,14761981.0,1205,2021년 3분기
송도해수욕장,세종,13726135.0,630,2021년 3분기
태종대,울산,12849818.0,650,2021년 3분기
보수동책방골목,전북,12248949.0,675,2021년 3분기
흰여울문화마을,충북,11258312.0,875,2021년 3분기
감천문화마을,울산,11204513.0,440,2021년 3분기
다대포해수욕장,대전,10984900.0,675,2021년 3분기
흰여울문화마을,대전,10979604.0,900,2021년 3분기
국립해양박물관,부산,10704905.0,1230,2021년 3분기
감천문화마을,인천,10536983.0,1245,2021년 3분기
다대포해수욕장,충북,10220905.0,735,2021년 3분기
이기대 몽돌해변,대전,9801453.0,395,2021년 3분기
송정해수욕장,충남,9654875.0,640,2021년 3분기
송정해수욕장,광주,8878245.0,485,2021년 3분기
송도해수욕장,제주,8751940.0,395,2021년 3분기
다대포해수욕장,충남,8675030.0,505,2021년 3분기
흰여울문화마을,충남,8640169.0,665,2021년 3분기
감천문화마을,강원,8619843.0,350,2021년 3분기
흰여울문화마을,울산,8553144.0,690,2021년 3분기
송정해수욕장,전남,8170007.0,465,2021년 3분기
흰여울문화마을,경북,7905850.0,585,2021년 3분기
이기대 몽돌해변,대구,7736556.0,780,2021년 3분기
다대포해수욕장,강원,7574116.0,635,2021년 3분기
태종대,대전,7465189.0,500,2021년 3분기
이기대 몽돌해변,강원,7445832.0,350,2021년 3분기
이기대 몽돌해변,충남,7334492.0,510,2021년 3분기
다대포해수욕장,전남,6711727.0,555,2021년 3분기
이기대 몽돌해변,충북,6551477.0,490,2021년 3분기
다대포해수욕장,광주,6454661.0,440,2021년 3분기
마린시티 카페거리,제주,6402019.0,225,2021년 3분기
다대포해수욕장,제주,6247174.0,270,2021년 3분기
태종대,충북,6222492.0,495,2021년 3분기
다대포해수욕장,전북,6182668.0,385,2021년 3분기
일광해수욕장,인천,6040773.0,315,2021년 3분기
흰여울문화마을,강원,5977236.0,460,2021년 3분기
일광해수욕장,충북,5942398.0,235,2021년 3분기
전포카페거리,세종,5858022.0,375,2021년 3분기
태종대,충남,5663259.0,425,2021년 3분기
일광해수욕장,전남,5587965.0,370,2021년 3분기
송정해수욕장,전북,5435126.0,380,2021년 3분기
태종대,강원,5255089.0,305,2021년 3분기
송정해수욕장,강원,5222733.0,365,2021년 3분기
이기대 몽돌해변,전북,5163147.0,190,2021년 3분기
흰여울문화마을,광주,4963184.0,395,2021년 3분기
부산시민공원,경남,4930814.0,635,2021년 3분기
태종대,전남,4823373.0,215,2021년 3분기
감천문화마을,대구,4769835.0,490,2021년 3분기
태종대,광주,4733100.0,265,2021년 3분기
일광해수욕장,충남,4593094.0,185,2021년 3분기
보수동책방골목,세종,4380776.0,300,2021년 3분기
흰여울문화마을,전남,4141008.0,395,2021년 3분기
감천문화마을,광주,3955478.0,310,2021년 3분기
감천문화마을,경북,3904238.0,425,2021년 3분기
을숙도,경남,3874753.0,1422,2021년 3분기
감천문화마을,대전,3627833.0,390,2021년 3분기
일광해수욕장,강원,3587763.0,145,2021년 3분기
일광해수욕장,대전,3541265.0,190,2021년 3분기
감천문화마을,충남,3526998.0,420,2021년 3분기
태종대,전북,3242048.0,210,2021년 3분기
흰여울문화마을,전북,3082092.0,245,2021년 3분기
이기대 몽돌해변,제주,3018317.0,140,2021년 3분기
다대포해수욕장,세종,2946224.0,180,2021년 3분기
감천문화마을,충북,2833856.0,320,2021년 3분기
부산시민공원,경기,2668153.0,345,2021년 3분기
이기대 몽돌해변,세종,2616095.0,125,2021년 3분기
송정해수욕장,제주,2469206.0,185,2021년 3분기
송정해수욕장,세종,2393579.0,175,2021년 3분기
일광해수욕장,광주,2379071.0,135,2021년 3분기
이기대 몽돌해변,광주,2322302.0,200,2021년 3분기
부산시민공원,서울,2296101.0,340,2021년 3분기
흰여울문화마을,세종,2238133.0,185,2021년 3분기
태종대,세종,2178086.0,125,2021년 3분기
감천문화마을,전북,2142131.0,215,2021년 3분기
태종대,제주,1838504.0,95,2021년 3분기
일광해수욕장,세종,1796171.0,85,2021년 3분기
감천문화마을,세종,1639760.0,145,2021년 3분기
국립해양박물관,경남,1532240.0,115,2021년 3분기
국립해양박물관,울산,1454955.0,60,2021년 3분기
을숙도,경기,1379193.0,415,2021년 3분기
감천문화마을,전남,1312372.0,165,2021년 3분기
을숙도,서울,1137156.0,400,2021년 3분기
일광해수욕장,전북,1080042.0,50,2021년 3분기
부산시민공원,울산,1074413.0,155,2021년 3분기
흰여울문화마을,제주,995787.0,85,2021년 3분기
국립해양박물관,경기,828335.0,55,2021년 3분기
일광해수욕장,제주,575453.0,30,2021년 3분기
국립해양박물관,대구,521020.0,45,2021년 3분기
부산시민공원,경북,515770.0,105,2021년 3분기
국립해양박물관,서울,468495.0,60,2021년 3분기
부산시민공원,인천,391644.0,65,2021년 3분기
부산시민공원,대구,390990.0,80,2021년 3분기
감천문화마을,제주,368940.0,40,2021년 3분기
부산시민공원,대전,317215.0,55,2021년 3분기
을숙도,울산,294456.0,120,2021년 3분기
국립해양박물관,경북,291620.0,20,2021년 3분기
렛츠런파크 부산경남,부산,283225.0,10,2021년 3분기
부산시민공원,광주,230283.0,30,2021년 3분기
부산시민공원,충북,212460.0,25,2021년 3분기
부산시민공원,충남,210957.0,45,2021년 3분기
국립해양박물관,광주,202400.0,20,2021년 3분기
국립해양박물관,충북,176200.0,10,2021년 3분기
국립해양박물관,강원,165530.0,10,2021년 3분기
을숙도,경북,101996.0,75,2021년 3분기
국립해양박물관,세종,101200.0,10,2021년 3분기
을숙도,전남,96987.0,35,2021년 3분기
을숙도,대전,95455.0,50,2021년 3분기
을숙도,대구,93790.0,70,2021년 3분기
국립해양박물관,충남,80480.0,5,2021년 3분기
부산시민공원,제주,80480.0,5,2021년 3분기
국립해양박물관,제주,75450.0,5,2021년 3분기
부산시민공원,강원,75300.0,15,2021년 3분기
을숙도,충북,73020.0,20,2021년 3분기
을숙도,인천,70774.0,30,2021년 3분기
국립해양박물관,인천,70140.0,5,2021년 3분기
을숙도,강원,64191.0,25,2021년 3분기
을숙도,제주,60816.0,20,2021년 3분기
렛츠런파크 부산경남,경남,60360.0,5,2021년 3분기
부산시민공원,전남,55260.0,10,2021년 3분기
을숙도,충남,51467.0,50,2021년 3분기
국립해양박물관,전북,35420.0,5,2021년 3분기
렛츠런파크 부산경남,경기,25150.0,5,2021년 3분기
부산시민공원,세종,15180.0,5,2021년 3분기
부산시민공원,전북,15180.0,5,2021년 3분기
을숙도,세종,7064.0,10,2021년 3분기
을숙도,광주,3022.0,15,2021년 3분기
동백해안산책로,서울,438192385.0,7004,2021년 1분기
동백해안산책로,경기,348882508.0,5448,2021년 1분기
동백해안산책로,경남,138382318.0,2045,2021년 1분기
동백해안산책로,대구,77313116.0,1220,2021년 1분기
동백해안산책로,대전,65406705.0,505,2021년 1분기
동백해안산책로,울산,51983108.0,1021,2021년 1분기
동백해안산책로,인천,37853967.0,780,2021년 1분기
동백해안산책로,광주,27294490.0,465,2021년 1분기
동백해안산책로,충남,26623454.0,425,2021년 1분기
동백해안산책로,경북,26560928.0,640,2021년 1분기
동백해안산책로,충북,25862306.0,430,2021년 1분기
동백해안산책로,세종,13191935.0,215,2021년 1분기
동백해안산책로,전북,12683789.0,260,2021년 1분기
동백해안산책로,전남,9887170.0,230,2021년 1분기
동백해안산책로,강원,9505659.0,270,2021년 1분기
동백해안산책로,제주,4024493.0,80,2021년 1분기
동백해안산책로,부산,924643261.0,17753,2021년 2분기
동백해안산책로,서울,767427677.0,11876,2021년 2분기
동백해안산책로,경기,629942388.0,9553,2021년 2분기
동백해안산책로,부산,497022639.0,9934,2021년 2분기
동백해안산책로,서울,410372627.0,6498,2021년 2분기
동백해안산책로,경기,334975074.0,4946,2021년 2분기
동백해안산책로,경남,130902520.0,2605,2021년 2분기
동백해안산책로,대구,115022448.0,1835,2021년 2분기
동백해안산책로,경남,113143814.0,1657,2021년 2분기
동백해안산책로,인천,103735186.0,1660,2021년 2분기
동백해안산책로,경북,82158935.0,1195,2021년 2분기
동백해안산책로,대구,54094934.0,1025,2021년 2분기
동백해안산책로,인천,53985632.0,960,2021년 2분기
동백해안산책로,충남,53756504.0,725,2021년 2분기
동백해안산책로,울산,53369804.0,1150,2021년 2분기
동백해안산책로,광주,50163168.0,670,2021년 2분기
동백해안산책로,대전,49843196.0,945,2021년 2분기
동백해안산책로,울산,36968761.0,635,2021년 2분기
동백해안산책로,대전,34821318.0,661,2021년 2분기
동백해안산책로,세종,34579317.0,385,2021년 2분기
동백해안산책로,경북,34437716.0,705,2021년 2분기
동백해안산책로,전북,33546747.0,475,2021년 2분기
동백해안산책로,충북,31803336.0,715,2021년 2분기
동백해안산책로,충남,28971977.0,395,2021년 2분기
동백해안산책로,세종,22137080.0,160,2021년 2분기
동백해안산책로,강원,21471101.0,510,2021년 2분기
동백해안산책로,광주,19800417.0,430,2021년 2분기
동백해안산책로,전남,19268945.0,360,2021년 2분기
동백해안산책로,전남,18823945.0,210,2021년 2분기
동백해안산책로,충북,17675591.0,340,2021년 2분기
동백해안산책로,강원,13939647.0,245,2021년 2분기
동백해안산책로,전북,12576607.0,190,2021년 2분기
동백해안산책로,제주,6724223.0,125,2021년 2분기
동백해안산책로,제주,6436558.0,175,2021년 2분기
동백해안산책로,서울,1708183527.0,21259,2021년 3분기
동백해안산책로,부산,1270392330.0,25654,2021년 3분기
동백해안산책로,경기,1236815894.0,16483,2021년 3분기
동백해안산책로,경남,335938055.0,4120,2021년 3분기
동백해안산책로,대구,241469623.0,3170,2021년 3분기
동백해안산책로,인천,172658226.0,2725,2021년 3분기
동백해안산책로,광주,137283074.0,1370,2021년 3분기
동백해안산책로,대전,130395821.0,1645,2021년 3분기
동백해안산책로,경북,125251784.0,1625,2021년 3분기
동백해안산책로,울산,83119470.0,1725,2021년 3분기
동백해안산책로,충북,75394221.0,1170,2021년 3분기
동백해안산책로,세종,57206981.0,555,2021년 3분기
동백해안산책로,충남,54699649.0,1130,2021년 3분기
동백해안산책로,전남,51222951.0,745,2021년 3분기
동백해안산책로,전북,41083902.0,700,2021년 3분기
동백해안산책로,강원,35826593.0,755,2021년 3분기
동백해안산책로,제주,17133698.0,295,2021년 3분기
자갈치시장,경남,1540672375.0,31835,2021년 1분기
자갈치시장,경기,922264647.0,28176,2021년 1분기
자갈치시장,서울,865786374.0,26204,2021년 1분기
자갈치시장,울산,387806262.0,8700,2021년 1분기
자갈치시장,경북,276689721.0,6900,2021년 1분기
자갈치시장,대구,199966383.0,5735,2021년 1분기
자갈치시장,인천,196934122.0,6181,2021년 1분기
자갈치시장,충남,137109291.0,2896,2021년 1분기
자갈치시장,충북,125195155.0,3447,2021년 1분기
자갈치시장,전남,111524364.0,2365,2021년 1분기
자갈치시장,대전,97669977.0,2676,2021년 1분기
자갈치시장,제주,81138838.0,1330,2021년 1분기
자갈치시장,강원,69191001.0,1885,2021년 1분기
자갈치시장,전북,67975690.0,1860,2021년 1분기
자갈치시장,광주,60794180.0,1606,2021년 1분기
자갈치시장,세종,23745255.0,690,2021년 1분기
자갈치시장,부산,14434573248.0,355018,2021년 2분기
자갈치시장,부산,7513614826.0,187760,2021년 2분기
자갈치시장,경남,1569267364.0,35027,2021년 2분기
자갈치시장,경기,1092947982.0,34271,2021년 2분기
자갈치시장,서울,1013298401.0,31963,2021년 2분기
자갈치시장,경남,958650096.0,19319,2021년 2분기
자갈치시장,경기,656798936.0,20240,2021년 2분기
자갈치시장,서울,586888992.0,18297,2021년 2분기
자갈치시장,울산,362534213.0,8713,2021년 2분기
자갈치시장,대구,313878906.0,6179,2021년 2분기
자갈치시장,경북,311835792.0,7544,2021년 2분기
자갈치시장,인천,268677760.0,8571,2021년 2분기
자갈치시장,울산,212805009.0,5156,2021년 2분기
자갈치시장,경북,153581481.0,3723,2021년 2분기
자갈치시장,충북,147774964.0,4260,2021년 2분기
자갈치시장,인천,144450920.0,4729,2021년 2분기
자갈치시장,대구,131417164.0,3423,2021년 2분기
자갈치시장,충남,125583065.0,3342,2021년 2분기
자갈치시장,대전,116443495.0,3131,2021년 2분기
자갈치시장,전남,102657032.0,2660,2021년 2분기
자갈치시장,강원,86643937.0,2345,2021년 2분기
자갈치시장,충남,81055718.0,1975,2021년 2분기
자갈치시장,전북,77317159.0,1855,2021년 2분기
자갈치시장,충북,75143045.0,2121,2021년 2분기
자갈치시장,제주,74542346.0,1740,2021년 2분기
자갈치시장,광주,73776049.0,1755,2021년 2분기
자갈치시장,전남,69702170.0,1565,2021년 2분기
자갈치시장,대전,55018840.0,1840,2021년 2분기
자갈치시장,강원,44320969.0,1290,2021년 2분기
자갈치시장,전북,43719393.0,1015,2021년 2분기
자갈치시장,제주,43165725.0,855,2021년 2분기
자갈치시장,광주,39688110.0,1035,2021년 2분기
자갈치시장,세종,29318256.0,700,2021년 2분기
자갈치시장,세종,14116812.0,415,2021년 2분기
자갈치시장,부산,21277855630.0,533844,2021년 3분기
자갈치시장,경남,2062703141.0,46422,2021년 3분기
자갈치시장,경기,1591034919.0,51340,2021년 3분기
자갈치시장,서울,1566325866.0,49351,2021년 3분기
자갈치시장,울산,532538454.0,11985,2021년 3분기
자갈치시장,경북,406848812.0,9775,2021년 3분기
자갈치시장,인천,338565196.0,11395,2021년 3분기
자갈치시장,대구,309548300.0,7720,2021년 3분기
자갈치시장,충북,207404953.0,5885,2021년 3분기
자갈치시장,충남,159794271.0,4630,2021년 3분기
자갈치시장,전남,141945305.0,3500,2021년 3분기
자갈치시장,대전,141442223.0,4215,2021년 3분기
자갈치시장,강원,130681566.0,3495,2021년 3분기
자갈치시장,제주,118932083.0,2185,2021년 3분기
자갈치시장,광주,107400077.0,2645,2021년 3분기
자갈치시장,전북,105038273.0,2390,2021년 3분기
자갈치시장,세종,38688502.0,1106,2021년 3분기
국제시장,경남,1540672375.0,31835,2021년 1분기
국제시장,경기,922264647.0,28176,2021년 1분기
국제시장,서울,865786374.0,26204,2021년 1분기
국제시장,울산,387806262.0,8700,2021년 1분기
국제시장,경북,276689721.0,6900,2021년 1분기
국제시장,대구,199966383.0,5735,2021년 1분기
국제시장,인천,196934122.0,6181,2021년 1분기
국제시장,충남,137109291.0,2896,2021년 1분기
국제시장,충북,125195155.0,3447,2021년 1분기
국제시장,전남,111524364.0,2365,2021년 1분기
국제시장,대전,97669977.0,2676,2021년 1분기
국제시장,제주,81138838.0,1330,2021년 1분기
국제시장,강원,69191001.0,1885,2021년 1분기
국제시장,전북,67975690.0,1860,2021년 1분기
국제시장,광주,60794180.0,1606,2021년 1분기
국제시장,세종,23745255.0,690,2021년 1분기
국제시장,부산,14434573248.0,355018,2021년 2분기
국제시장,부산,7513614826.0,187760,2021년 2분기
국제시장,경남,1569267364.0,35027,2021년 2분기
국제시장,경기,1092947982.0,34271,2021년 2분기
국제시장,서울,1013298401.0,31963,2021년 2분기
국제시장,경남,958650096.0,19319,2021년 2분기
국제시장,경기,656798936.0,20240,2021년 2분기
국제시장,서울,586888992.0,18297,2021년 2분기
국제시장,울산,362534213.0,8713,2021년 2분기
국제시장,대구,313878906.0,6179,2021년 2분기
국제시장,경북,311835792.0,7544,2021년 2분기
국제시장,인천,268677760.0,8571,2021년 2분기
국제시장,울산,212805009.0,5156,2021년 2분기
국제시장,경북,153581481.0,3723,2021년 2분기
국제시장,충북,147774964.0,4260,2021년 2분기
국제시장,인천,144450920.0,4729,2021년 2분기
국제시장,대구,131417164.0,3423,2021년 2분기
국제시장,충남,125583065.0,3342,2021년 2분기
국제시장,대전,116443495.0,3131,2021년 2분기
국제시장,전남,102657032.0,2660,2021년 2분기
국제시장,강원,86643937.0,2345,2021년 2분기
국제시장,충남,81055718.0,1975,2021년 2분기
국제시장,전북,77317159.0,1855,2021년 2분기
국제시장,충북,75143045.0,2121,2021년 2분기
국제시장,제주,74542346.0,1740,2021년 2분기
국제시장,광주,73776049.0,1755,2021년 2분기
국제시장,전남,69702170.0,1565,2021년 2분기
국제시장,대전,55018840.0,1840,2021년 2분기
국제시장,강원,44320969.0,1290,2021년 2분기
국제시장,전북,43719393.0,1015,2021년 2분기
국제시장,제주,43165725.0,855,2021년 2분기
국제시장,광주,39688110.0,1035,2021년 2분기
국제시장,세종,29318256.0,700,2021년 2분기
국제시장,세종,14116812.0,415,2021년 2분기
국제시장,부산,21277855630.0,533844,2021년 3분기
국제시장,경남,2062703141.0,46422,2021년 3분기
국제시장,경기,1591034919.0,51340,2021년 3분기
국제시장,서울,1566325866.0,49351,2021년 3분기
국제시장,울산,532538454.0,11985,2021년 3분기
국제시장,경북,406848812.0,9775,2021년 3분기
국제시장,인천,338565196.0,11395,2021년 3분기
국제시장,대구,309548300.0,7720,2021년 3분기
국제시장,충북,207404953.0,5885,2021년 3분기
국제시장,충남,159794271.0,4630,2021년 3분기
국제시장,전남,141945305.0,3500,2021년 3분기
국제시장,대전,141442223.0,4215,2021년 3분기
국제시장,강원,130681566.0,3495,2021년 3분기
국제시장,제주,118932083.0,2185,2021년 3분기
국제시장,광주,107400077.0,2645,2021년 3분기
국제시장,전북,105038273.0,2390,2021년 3분기
국제시장,세종,38688502.0,1106,2021년 3분기
BIFF광장,경남,244582882.0,10501,2021년 1분기
BIFF광장,서울,141766991.0,8784,2021년 1분기
BIFF광장,경기,133599479.0,7891,2021년 1분기
BIFF광장,울산,58687574.0,2901,2021년 1분기
BIFF광장,경북,38901963.0,1990,2021년 1분기
BIFF광장,인천,31963039.0,1995,2021년 1분기
BIFF광장,대구,31694447.0,1830,2021년 1분기
BIFF광장,충북,18180216.0,855,2021년 1분기
BIFF광장,강원,16990195.0,820,2021년 1분기
BIFF광장,전남,14791783.0,570,2021년 1분기
BIFF광장,충남,14451745.0,840,2021년 1분기
BIFF광장,광주,11304405.0,500,2021년 1분기
BIFF광장,대전,10879319.0,695,2021년 1분기
BIFF광장,전북,10650547.0,545,2021년 1분기
BIFF광장,제주,8926009.0,430,2021년 1분기
BIFF광장,세종,1964766.0,142,2021년 1분기
BIFF광장,부산,2676616927.0,116046,2021년 2분기
BIFF광장,부산,1467500211.0,63399,2021년 2분기
BIFF광장,경남,262579572.0,10923,2021년 2분기
BIFF광장,경기,159390630.0,10040,2021년 2분기
BIFF광장,서울,157412219.0,9357,2021년 2분기
BIFF광장,경남,126674286.0,6272,2021년 2분기
BIFF광장,서울,91775414.0,5667,2021년 2분기
BIFF광장,경기,90611817.0,5721,2021년 2분기
BIFF광장,경북,54942685.0,2265,2021년 2분기
BIFF광장,울산,49566246.0,2800,2021년 2분기
BIFF광장,인천,38165261.0,2460,2021년 2분기
BIFF광장,강원,32606593.0,900,2021년 2분기
BIFF광장,울산,32519732.0,1565,2021년 2분기
BIFF광장,대구,30168479.0,1625,2021년 2분기
BIFF광장,경북,24548441.0,1170,2021년 2분기
BIFF광장,인천,21678138.0,1205,2021년 2분기
BIFF광장,대구,18424251.0,1025,2021년 2분기
BIFF광장,충북,18345878.0,1075,2021년 2분기
BIFF광장,충남,17677659.0,885,2021년 2분기
BIFF광장,제주,16776865.0,855,2021년 2분기
BIFF광장,전남,14849548.0,695,2021년 2분기
BIFF광장,대전,12591161.0,725,2021년 2분기
BIFF광장,전북,10081101.0,460,2021년 2분기
BIFF광장,대전,10052508.0,540,2021년 2분기
BIFF광장,광주,10020283.0,555,2021년 2분기
BIFF광장,강원,9262211.0,500,2021년 2분기
BIFF광장,충남,7898892.0,440,2021년 2분기
BIFF광장,제주,6779844.0,345,2021년 2분기
BIFF광장,충북,6679540.0,395,2021년 2분기
BIFF광장,전남,6626962.0,355,2021년 2분기
BIFF광장,전북,6514968.0,225,2021년 2분기
BIFF광장,광주,6463132.0,360,2021년 2분기
BIFF광장,세종,3349628.0,130,2021년 2분기
BIFF광장,세종,1514856.0,90,2021년 2분기
BIFF광장,부산,4062289637.0,165391,2021년 3분기
BIFF광장,경남,379842612.0,15308,2021년 3분기
BIFF광장,경기,258162278.0,15041,2021년 3분기
BIFF광장,서울,255412960.0,15414,2021년 3분기
BIFF광장,울산,80029039.0,4535,2021년 3분기
BIFF광장,경북,61125811.0,2885,2021년 3분기
BIFF광장,인천,57772186.0,3630,2021년 3분기
BIFF광장,전남,49286318.0,975,2021년 3분기
BIFF광장,대구,40962968.0,2635,2021년 3분기
BIFF광장,충북,29207603.0,1345,2021년 3분기
BIFF광장,충남,28642913.0,1460,2021년 3분기
BIFF광장,대전,26415946.0,1275,2021년 3분기
BIFF광장,강원,23660714.0,1140,2021년 3분기
BIFF광장,제주,21573439.0,825,2021년 3분기
BIFF광장,광주,16282701.0,895,2021년 3분기
BIFF광장,전북,12248949.0,675,2021년 3분기
BIFF광장,세종,4380776.0,300,2021년 3분기
용두산공원,경남,244582882.0,10501,2021년 1분기
용두산공원,서울,141766991.0,8784,2021년 1분기
용두산공원,경기,133599479.0,7891,2021년 1분기
용두산공원,울산,58687574.0,2901,2021년 1분기
용두산공원,경북,38901963.0,1990,2021년 1분기
용두산공원,인천,31963039.0,1995,2021년 1분기
용두산공원,대구,31694447.0,1830,2021년 1분기
용두산공원,충북,18180216.0,855,2021년 1분기
용두산공원,강원,16990195.0,820,2021년 1분기
용두산공원,전남,14791783.0,570,2021년 1분기
용두산공원,충남,14451745.0,840,2021년 1분기
용두산공원,광주,11304405.0,500,2021년 1분기
용두산공원,대전,10879319.0,695,2021년 1분기
용두산공원,전북,10650547.0,545,2021년 1분기
용두산공원,제주,8926009.0,430,2021년 1분기
용두산공원,세종,1964766.0,142,2021년 1분기
용두산공원,부산,2676616927.0,116046,2021년 2분기
용두산공원,부산,1467500211.0,63399,2021년 2분기
용두산공원,경남,262579572.0,10923,2021년 2분기
용두산공원,경기,159390630.0,10040,2021년 2분기
용두산공원,서울,157412219.0,9357,2021년 2분기
용두산공원,경남,126674286.0,6272,2021년 2분기
용두산공원,서울,91775414.0,5667,2021년 2분기
용두산공원,경기,90611817.0,5721,2021년 2분기
용두산공원,경북,54942685.0,2265,2021년 2분기
용두산공원,울산,49566246.0,2800,2021년 2분기
용두산공원,인천,38165261.0,2460,2021년 2분기
용두산공원,강원,32606593.0,900,2021년 2분기
용두산공원,울산,32519732.0,1565,2021년 2분기
용두산공원,대구,30168479.0,1625,2021년 2분기
용두산공원,경북,24548441.0,1170,2021년 2분기
용두산공원,인천,21678138.0,1205,2021년 2분기
용두산공원,대구,18424251.0,1025,2021년 2분기
용두산공원,충북,18345878.0,1075,2021년 2분기
용두산공원,충남,17677659.0,885,2021년 2분기
용두산공원,제주,16776865.0,855,2021년 2분기
용두산공원,전남,14849548.0,695,2021년 2분기
용두산공원,대전,12591161.0,725,2021년 2분기
용두산공원,전북,10081101.0,460,2021년 2분기
용두산공원,대전,10052508.0,540,2021년 2분기
용두산공원,광주,10020283.0,555,2021년 2분기
용두산공원,강원,9262211.0,500,2021년 2분기
용두산공원,충남,7898892.0,440,2021년 2분기
용두산공원,제주,6779844.0,345,2021년 2분기
용두산공원,충북,6679540.0,395,2021년 2분기
용두산공원,전남,6626962.0,355,2021년 2분기
용두산공원,전북,6514968.0,225,2021년 2분기
용두산공원,광주,6463132.0,360,2021년 2분기
용두산공원,세종,3349628.0,130,2021년 2분기
용두산공원,세종,1514856.0,90,2021년 2분기
용두산공원,부산,4062289637.0,165391,2021년 3분기
용두산공원,경남,379842612.0,15308,2021년 3분기
용두산공원,경기,258162278.0,15041,2021년 3분기
용두산공원,서울,255412960.0,15414,2021년 3분기
용두산공원,울산,80029039.0,4535,2021년 3분기
용두산공원,경북,61125811.0,2885,2021년 3분기
용두산공원,인천,57772186.0,3630,2021년 3분기
용두산공원,전남,49286318.0,975,2021년 3분기
용두산공원,대구,40962968.0,2635,2021년 3분기
용두산공원,충북,29207603.0,1345,2021년 3분기
용두산공원,충남,28642913.0,1460,2021년 3분기
용두산공원,대전,26415946.0,1275,2021년 3분기
용두산공원,강원,23660714.0,1140,2021년 3분기
용두산공원,제주,21573439.0,825,2021년 3분기
용두산공원,광주,16282701.0,895,2021년 3분기
용두산공원,전북,12248949.0,675,2021년 3분기
용두산공원,세종,4380776.0,300,2021년 3분기
오륙도,경남,202394207.0,4206,2021년 1분기
오륙도,서울,78129917.0,1475,2021년 1분기
오륙도,경기,34240713.0,1163,2021년 1분기
오륙도,울산,26269703.0,840,2021년 1분기
오륙도,경북,19013957.0,465,2021년 1분기
오륙도,광주,8067527.0,120,2021년 1분기
오륙도,제주,8028429.0,190,2021년 1분기
오륙도,대구,7752422.0,375,2021년 1분기
오륙도,충남,6984061.0,155,2021년 1분기
오륙도,전남,5801915.0,185,2021년 1분기
오륙도,대전,3732648.0,135,2021년 1분기
오륙도,충북,3418218.0,150,2021년 1분기
오륙도,인천,3012046.0,160,2021년 1분기
오륙도,강원,2813495.0,130,2021년 1분기
오륙도,전북,2074135.0,55,2021년 1분기
오륙도,세종,119380.0,15,2021년 1분기
오륙도,부산,3015103141.0,58690,2021년 2분기
오륙도,부산,1441371535.0,29120,2021년 2분기
오륙도,경남,278679612.0,5301,2021년 2분기
오륙도,경남,117727732.0,2769,2021년 2분기
오륙도,서울,72768308.0,1700,2021년 2분기
오륙도,서울,53820170.0,2995,2021년 2분기
오륙도,경기,38502160.0,2876,2021년 2분기
오륙도,대전,32495475.0,245,2021년 2분기
오륙도,울산,32388424.0,1230,2021년 2분기
오륙도,경기,26980034.0,1535,2021년 2분기
오륙도,울산,24145749.0,711,2021년 2분기
오륙도,전남,19205905.0,85,2021년 2분기
오륙도,경북,18997297.0,836,2021년 2분기
오륙도,전남,17950412.0,330,2021년 2분기
오륙도,경북,15222576.0,425,2021년 2분기
오륙도,대구,11139751.0,835,2021년 2분기
오륙도,충북,10070796.0,275,2021년 2분기
오륙도,인천,7665851.0,670,2021년 2분기
오륙도,대구,6082792.0,380,2021년 2분기
오륙도,세종,5478374.0,75,2021년 2분기
오륙도,광주,4760028.0,195,2021년 2분기
오륙도,인천,4498442.0,370,2021년 2분기
오륙도,강원,4064918.0,375,2021년 2분기
오륙도,충남,3989184.0,345,2021년 2분기
오륙도,제주,3817627.0,255,2021년 2분기
오륙도,대전,2856738.0,170,2021년 2분기
오륙도,충북,2409901.0,250,2021년 2분기
오륙도,광주,2112874.0,85,2021년 2분기
오륙도,전북,2016854.0,140,2021년 2분기
오륙도,충남,1989074.0,180,2021년 2분기
오륙도,강원,1954682.0,195,2021년 2분기
오륙도,세종,564785.0,45,2021년 2분기
오륙도,제주,342392.0,15,2021년 2분기
오륙도,전북,259588.0,100,2021년 2분기
오륙도,부산,4377916648.0,85368,2021년 3분기
오륙도,경남,374042400.0,6557,2021년 3분기
오륙도,서울,99070872.0,3910,2021년 3분기
오륙도,경기,77828192.0,4380,2021년 3분기
오륙도,울산,54497217.0,1730,2021년 3분기
오륙도,경북,44819443.0,1030,2021년 3분기
오륙도,전남,30848883.0,265,2021년 3분기
오륙도,인천,20052505.0,830,2021년 3분기
오륙도,대전,9801453.0,395,2021년 3분기
오륙도,대구,7736556.0,780,2021년 3분기
오륙도,강원,7445832.0,350,2021년 3분기
오륙도,충남,7334492.0,510,2021년 3분기
오륙도,충북,6551477.0,490,2021년 3분기
오륙도,전북,5163147.0,190,2021년 3분기
오륙도,제주,3018317.0,140,2021년 3분기
오륙도,세종,2616095.0,125,2021년 3분기
오륙도,광주,2322302.0,200,2021년 3분기
